<?xml version="1.0"  ?>
<EXPERIMENT_PACKAGE_SET>
<EXPERIMENT_PACKAGE><EXPERIMENT accession="SRX8128264" alias="S20-WTA"><IDENTIFIERS><PRIMARY_ID>SRX8128264</PRIMARY_ID></IDENTIFIERS><TITLE>MiSeq whole transcriptome sequencing of WTA COVID-19 sample</TITLE><STUDY_REF accession="SRP256770"><IDENTIFIERS><PRIMARY_ID>SRP256770</PRIMARY_ID></IDENTIFIERS></STUDY_REF><DESIGN><DESIGN_DESCRIPTION>Total RNA from clinical samples was isolated and processed for rRNA removal by Ribo-minus Eukaryote. WTA was carried out followed by RNA-library preparation and sequencing.</DESIGN_DESCRIPTION><SAMPLE_DESCRIPTOR accession="SRS6492232"><IDENTIFIERS><PRIMARY_ID>SRS6492232</PRIMARY_ID></IDENTIFIERS></SAMPLE_DESCRIPTOR><LIBRARY_DESCRIPTOR><LIBRARY_NAME>S20-WTA</LIBRARY_NAME><LIBRARY_STRATEGY>RNA-Seq</LIBRARY_STRATEGY><LIBRARY_SOURCE>TRANSCRIPTOMIC</LIBRARY_SOURCE><LIBRARY_SELECTION>RANDOM</LIBRARY_SELECTION><LIBRARY_LAYOUT><PAIRED/></LIBRARY_LAYOUT></LIBRARY_DESCRIPTOR></DESIGN><PLATFORM><ILLUMINA><INSTRUMENT_MODEL>Illumina MiSeq</INSTRUMENT_MODEL></ILLUMINA></PLATFORM></EXPERIMENT><SUBMISSION lab_name="Department of Animal Biotechnology" center_name="Gujarat Biotechnology Research Centre" accession="SRA1065849" alias="SUB7291106"><IDENTIFIERS><PRIMARY_ID>SRA1065849</PRIMARY_ID></IDENTIFIERS></SUBMISSION><Organization type="institute" url="https://gbrc.gujarat.gov.in"><Name>Gujarat Biotechnology Research Centre</Name><Address postal_code="382011"><Department>Department of Science and Technology</Department><Institution>Gujarat Biotechnology Research Centre</Institution><Street>MS Building, Block B &amp; D , 6th Floor, GH Road, Sector - 11,</Street><City>Gandhinagar</City><Sub>Gujarat</Sub><Country>India</Country></Address><Contact email="cgjoshi@rediffmail.com" sec_email="dir-gbrc@gujarat.gov.in"><Address postal_code="382011"><Department>Department of Science and Technology</Department><Institution>Gujarat Biotechnology Research Centre</Institution><Street>MS Building, Block B &amp; D , 6th Floor, GH Road, Sector - 11,</Street><City>Gandhinagar</City><Sub>Gujarat</Sub><Country>India</Country></Address><Name><First>Chaitanya</First><Last>Joshi</Last></Name></Contact></Organization><STUDY center_name="BioProject" alias="PRJNA625669" accession="SRP256770"><IDENTIFIERS><PRIMARY_ID>SRP256770</PRIMARY_ID><EXTERNAL_ID namespace="BioProject" label="primary">PRJNA625669</EXTERNAL_ID></IDENTIFIERS><DESCRIPTOR><STUDY_TITLE>Novel Coronavirus genome sequence and its characterization from the patients in Gujarat during nCov-19 outbreak</STUDY_TITLE><STUDY_TYPE existing_study_type="Other"/><STUDY_ABSTRACT>Whole genome sequencing of nCov2 during COVID-19 outbreak from the patients of Gujarat, INDIA</STUDY_ABSTRACT></DESCRIPTOR></STUDY><SAMPLE alias="Sample-20" accession="SRS6492232"><IDENTIFIERS><PRIMARY_ID>SRS6492232</PRIMARY_ID><EXTERNAL_ID namespace="BioSample">SAMN14604568</EXTERNAL_ID></IDENTIFIERS><SAMPLE_NAME><TAXON_ID>2697049</TAXON_ID><SCIENTIFIC_NAME>Severe acute respiratory syndrome coronavirus 2</SCIENTIFIC_NAME></SAMPLE_NAME><SAMPLE_LINKS><SAMPLE_LINK><XREF_LINK><DB>bioproject</DB><ID>625669</ID><LABEL>PRJNA625669</LABEL></XREF_LINK></SAMPLE_LINK></SAMPLE_LINKS><SAMPLE_ATTRIBUTES><SAMPLE_ATTRIBUTE><TAG>isolate</TAG><VALUE>SARS-CoV-2/human/INDIA/GBRC1/2020</VALUE></SAMPLE_ATTRIBUTE><SAMPLE_ATTRIBUTE><TAG>collected_by</TAG><VALUE>Sir M P Shah Government Medical College, Jamnagar</VALUE></SAMPLE_ATTRIBUTE><SAMPLE_ATTRIBUTE><TAG>collection_date</TAG><VALUE>05-Apr-2020</VALUE></SAMPLE_ATTRIBUTE><SAMPLE_ATTRIBUTE><TAG>geo_loc_name</TAG><VALUE>India: Rajkot</VALUE></SAMPLE_ATTRIBUTE><SAMPLE_ATTRIBUTE><TAG>host</TAG><VALUE>Homo sapiens</VALUE></SAMPLE_ATTRIBUTE><SAMPLE_ATTRIBUTE><TAG>host_disease</TAG><VALUE>COVID-19</VALUE></SAMPLE_ATTRIBUTE><SAMPLE_ATTRIBUTE><TAG>isolation_source</TAG><VALUE>Oro-pharyngeal swab</VALUE></SAMPLE_ATTRIBUTE><SAMPLE_ATTRIBUTE><TAG>lat_lon</TAG><VALUE>22.28641 N 70.78457 E</VALUE></SAMPLE_ATTRIBUTE><SAMPLE_ATTRIBUTE><TAG>BioSampleModel</TAG><VALUE>Pathogen.cl</VALUE></SAMPLE_ATTRIBUTE></SAMPLE_ATTRIBUTES></SAMPLE><Pool><Member member_name="" accession="SRS6492232" sample_name="Sample-20" spots="2098763" bases="886591863" tax_id="2697049" organism="Severe acute respiratory syndrome coronavirus 2"><IDENTIFIERS><PRIMARY_ID>SRS6492232</PRIMARY_ID><EXTERNAL_ID namespace="BioSample">SAMN14604568</EXTERNAL_ID></IDENTIFIERS></Member></Pool><RUN_SET><RUN accession="SRR11558553" alias="SAMPLE-20_S4_L001_R1_001.fastq.gz" total_spots="2098763" total_bases="886591863" size="504440388" load_done="true" published="2020-04-17 01:08:31" is_public="true" cluster_name="public" static_data_available="1"><IDENTIFIERS><PRIMARY_ID>SRR11558553</PRIMARY_ID></IDENTIFIERS><EXPERIMENT_REF accession="SRX8128264"><IDENTIFIERS/></EXPERIMENT_REF><Pool><Member member_name="" accession="SRS6492232" sample_name="Sample-20" spots="2098763" bases="886591863" tax_id="2697049" organism="Severe acute respiratory syndrome coronavirus 2"><IDENTIFIERS><PRIMARY_ID>SRS6492232</PRIMARY_ID><EXTERNAL_ID namespace="BioSample">SAMN14604568</EXTERNAL_ID></IDENTIFIERS></Member></Pool><SRAFiles><SRAFile cluster="public" size="303041778" date="2020-04-17 01:06:11" md5="1c7d175f3ec32a0369a7ff90a01025a5" semantic_name="fastq" supertype="Original" sratoolkit="0"><Alternatives url="s3://sra-pub-src-4/SRR11558553/SAMPLE-20_S4_L001_R1_001.fastq.gz.1" free_egress="s3.us-east-1" access_type="aws identity" org="AWS"/><Alternatives url="gs://sra-pub-src-4/SRR11558553/SAMPLE-20_S4_L001_R1_001.fastq.gz.1" free_egress="gs.US" access_type="gcp identity" org="GCP"/></SRAFile><SRAFile cluster="public" size="356462901" date="2020-04-17 01:06:17" md5="525fe276ea78cb73ab21cd35163cdff5" semantic_name="fastq" supertype="Original" sratoolkit="0"><Alternatives url="s3://sra-pub-src-4/SRR11558553/SAMPLE-20_S4_L001_R2_001.fastq.gz.1" free_egress="s3.us-east-1" access_type="aws identity" org="AWS"/><Alternatives url="gs://sra-pub-src-4/SRR11558553/SAMPLE-20_S4_L001_R2_001.fastq.gz.1" free_egress="gs.US" access_type="gcp identity" org="GCP"/></SRAFile><SRAFile cluster="public" filename="SRR11558553" url="https://sra-download.ncbi.nlm.nih.gov/traces/sra80/SRR/011287/SRR11558553" size="504442209" date="2020-04-17 01:06:34" md5="f29d6b11703d918bf745debfef342c62" semantic_name="run" supertype="Primary ETL" sratoolkit="1"><Alternatives url="https://sra-download.ncbi.nlm.nih.gov/traces/sra80/SRR/011287/SRR11558553" free_egress="worldwide" access_type="anonymous" org="NCBI"/><Alternatives url="s3://sra-pub-run-9/SRR11558553/SRR11558553.1" free_egress="s3.us-east-1" access_type="aws identity" org="AWS"/><Alternatives url="gs://sra-pub-run-8/SRR11558553/SRR11558553.1" free_egress="gs.US" access_type="gcp identity" org="GCP"/></SRAFile></SRAFiles><CloudFiles><CloudFile filetype="fastq" provider="gs" location="gs.US"/><CloudFile filetype="fastq" provider="s3" location="s3.us-east-1"/><CloudFile filetype="run" provider="gs" location="gs.US"/><CloudFile filetype="run" provider="s3" location="s3.us-east-1"/></CloudFiles><Statistics nreads="2" nspots="2098763"><Read index="0" count="2098763" average="210.01" stdev="62.19"/><Read index="1" count="2098763" average="212.43" stdev="61.41"/></Statistics><Databases><Database><Table name="SEQUENCE"><Statistics source="meta"><Rows count="2098763"/><Elements count="886591863"/></Statistics></Table></Database></Databases><Bases cs_native="false" count="886591863"><Base value="A" count="273065891"/><Base value="C" count="167875723"/><Base value="G" count="171623731"/><Base value="T" count="272285653"/><Base value="N" count="1740865"/></Bases></RUN></RUN_SET></EXPERIMENT_PACKAGE>
</EXPERIMENT_PACKAGE_SET>
