<?xml version="1.0"  ?>
<EXPERIMENT_PACKAGE_SET>
<EXPERIMENT_PACKAGE><EXPERIMENT accession="SRX7884334" alias="WA12-UW8"><IDENTIFIERS><PRIMARY_ID>SRX7884334</PRIMARY_ID></IDENTIFIERS><TITLE>RNA-Seq of Severe acute respiratory syndrome coronavirus 2</TITLE><STUDY_REF accession="SRP251618"><IDENTIFIERS><PRIMARY_ID>SRP251618</PRIMARY_ID><EXTERNAL_ID namespace="BioProject">PRJNA610428</EXTERNAL_ID></IDENTIFIERS></STUDY_REF><DESIGN><DESIGN_DESCRIPTION>random hexamer first and second strand synthesis followed by Nextera XT</DESIGN_DESCRIPTION><SAMPLE_DESCRIPTOR accession="SRS6294172"><IDENTIFIERS><PRIMARY_ID>SRS6294172</PRIMARY_ID></IDENTIFIERS></SAMPLE_DESCRIPTOR><LIBRARY_DESCRIPTOR><LIBRARY_NAME>WA12-UW8</LIBRARY_NAME><LIBRARY_STRATEGY>RNA-Seq</LIBRARY_STRATEGY><LIBRARY_SOURCE>VIRAL RNA</LIBRARY_SOURCE><LIBRARY_SELECTION>unspecified</LIBRARY_SELECTION><LIBRARY_LAYOUT><SINGLE/></LIBRARY_LAYOUT></LIBRARY_DESCRIPTOR></DESIGN><PLATFORM><ILLUMINA><INSTRUMENT_MODEL>NextSeq 500</INSTRUMENT_MODEL></ILLUMINA></PLATFORM></EXPERIMENT><SUBMISSION lab_name="Laboratory Medicine" center_name="University of Washington" accession="SRA1053095" alias="SUB7129969"><IDENTIFIERS><PRIMARY_ID>SRA1053095</PRIMARY_ID></IDENTIFIERS></SUBMISSION><Organization type="institute"><Name>University of Washington</Name><Address postal_code="98109"><Department>Laboratory Medicine</Department><Institution>University of Washington</Institution><Street>1100 Fairview Avenue North, E5-110</Street><City>Seattle</City><Sub>WA</Sub><Country>USA</Country></Address><Contact email="proychou@uw.edu"><Address postal_code="98109"><Department>Laboratory Medicine</Department><Institution>University of Washington</Institution><Street>1100 Fairview Avenue North, E5-110</Street><City>Seattle</City><Sub>WA</Sub><Country>USA</Country></Address><Name><First>Pavitra</First><Last>Roychoudhury</Last></Name></Contact></Organization><STUDY center_name="BioProject" alias="PRJNA610428" accession="SRP251618"><IDENTIFIERS><PRIMARY_ID>SRP251618</PRIMARY_ID><EXTERNAL_ID namespace="BioProject" label="primary">PRJNA610428</EXTERNAL_ID></IDENTIFIERS><DESCRIPTOR><STUDY_TITLE>Washington SARS-CoV-2 isolate sequences</STUDY_TITLE><STUDY_TYPE existing_study_type="Other"/><STUDY_ABSTRACT>Isolate raw read files from the Washington SARS-CoV-2 outbreak</STUDY_ABSTRACT></DESCRIPTOR></STUDY><SAMPLE alias="WA12-UW8" accession="SRS6294172"><IDENTIFIERS><PRIMARY_ID>SRS6294172</PRIMARY_ID><EXTERNAL_ID namespace="BioSample">SAMN14341562</EXTERNAL_ID></IDENTIFIERS><SAMPLE_NAME><TAXON_ID>2697049</TAXON_ID><SCIENTIFIC_NAME>Severe acute respiratory syndrome coronavirus 2</SCIENTIFIC_NAME></SAMPLE_NAME><SAMPLE_LINKS><SAMPLE_LINK><XREF_LINK><DB>bioproject</DB><ID>610428</ID><LABEL>PRJNA610428</LABEL></XREF_LINK></SAMPLE_LINK></SAMPLE_LINKS><SAMPLE_ATTRIBUTES><SAMPLE_ATTRIBUTE><TAG>strain</TAG><VALUE>hCoV/USA/WA12-UW8/2020</VALUE></SAMPLE_ATTRIBUTE><SAMPLE_ATTRIBUTE><TAG>isolate</TAG><VALUE>WA12-UW8</VALUE></SAMPLE_ATTRIBUTE><SAMPLE_ATTRIBUTE><TAG>collected_by</TAG><VALUE>University of Washington Virology laboratory</VALUE></SAMPLE_ATTRIBUTE><SAMPLE_ATTRIBUTE><TAG>collection_date</TAG><VALUE>2020</VALUE></SAMPLE_ATTRIBUTE><SAMPLE_ATTRIBUTE><TAG>geo_loc_name</TAG><VALUE>USA:WA</VALUE></SAMPLE_ATTRIBUTE><SAMPLE_ATTRIBUTE><TAG>host</TAG><VALUE>Homo sapiens</VALUE></SAMPLE_ATTRIBUTE><SAMPLE_ATTRIBUTE><TAG>host_disease</TAG><VALUE>COVID-19</VALUE></SAMPLE_ATTRIBUTE><SAMPLE_ATTRIBUTE><TAG>isolation_source</TAG><VALUE>missing</VALUE></SAMPLE_ATTRIBUTE><SAMPLE_ATTRIBUTE><TAG>lat_lon</TAG><VALUE>missing</VALUE></SAMPLE_ATTRIBUTE><SAMPLE_ATTRIBUTE><TAG>BioSampleModel</TAG><VALUE>Pathogen.cl</VALUE></SAMPLE_ATTRIBUTE></SAMPLE_ATTRIBUTES></SAMPLE><Pool><Member member_name="" accession="SRS6294172" sample_name="WA12-UW8" spots="597251" bases="44717558" tax_id="2697049" organism="Severe acute respiratory syndrome coronavirus 2"><IDENTIFIERS><PRIMARY_ID>SRS6294172</PRIMARY_ID><EXTERNAL_ID namespace="BioSample">SAMN14341562</EXTERNAL_ID></IDENTIFIERS></Member></Pool><RUN_SET><RUN accession="SRR11278091" alias="WA12-UW8Unpaired.fastq.gz" total_spots="597251" total_bases="44717558" size="4630806" load_done="true" published="2020-03-09 18:23:31" is_public="true" cluster_name="public" static_data_available="1"><IDENTIFIERS><PRIMARY_ID>SRR11278091</PRIMARY_ID></IDENTIFIERS><EXPERIMENT_REF accession="SRX7884334"><IDENTIFIERS/></EXPERIMENT_REF><Pool><Member member_name="" accession="SRS6294172" sample_name="WA12-UW8" spots="597251" bases="44717558" tax_id="2697049" organism="Severe acute respiratory syndrome coronavirus 2"><IDENTIFIERS><PRIMARY_ID>SRS6294172</PRIMARY_ID><EXTERNAL_ID namespace="BioSample">SAMN14341562</EXTERNAL_ID></IDENTIFIERS></Member></Pool><SRAFiles><SRAFile cluster="public" filename="WA12-UW8Unpaired.fastq.gz" url="https://sra-download.ncbi.nlm.nih.gov/traces/sra53/SRZ/011278/SRR11278091/WA12-UW8Unpaired.fastq.gz" size="10185734" date="2020-03-09 18:21:45" md5="6088133267dab3d38ed479a2c01675eb" semantic_name="fastq" supertype="Original" sratoolkit="0"><Alternatives url="https://sra-download.ncbi.nlm.nih.gov/traces/sra53/SRZ/011278/SRR11278091/WA12-UW8Unpaired.fastq.gz" free_egress="worldwide" access_type="anonymous" org="NCBI"/><Alternatives url="gs://sra-pub-src-5/SRR11278091/WA12-UW8Unpaired.fastq.gz.1" free_egress="gs.US" access_type="gcp identity" org="GCP"/></SRAFile><SRAFile cluster="public" filename="SRR11278091" url="https://sra-download.ncbi.nlm.nih.gov/traces/sra51/SRR/011013/SRR11278091" size="4632627" date="2020-03-09 18:21:57" md5="f1b9f8149ff4a7d47fd45a5a48364e93" semantic_name="run" supertype="Primary ETL" sratoolkit="1"><Alternatives url="https://sra-download.ncbi.nlm.nih.gov/traces/sra51/SRR/011013/SRR11278091" free_egress="worldwide" access_type="anonymous" org="NCBI"/><Alternatives url="s3://sra-pub-run-2/SRR11278091/SRR11278091.1" free_egress="s3.us-east-1" access_type="aws identity" org="AWS"/><Alternatives url="gs://sra-pub-run-4/SRR11278091/SRR11278091.1" free_egress="gs.US" access_type="gcp identity" org="GCP"/></SRAFile></SRAFiles><CloudFiles><CloudFile filetype="fastq" provider="gs" location="gs.US"/><CloudFile filetype="run" provider="gs" location="gs.US"/><CloudFile filetype="run" provider="s3" location="s3.us-east-1"/></CloudFiles><Statistics nreads="2" nspots="597251"><Read index="0" count="597251" average="74.87" stdev="2.38"/><Read index="1" count="0" average="0" stdev="0"/></Statistics><Databases><Database><Table name="SEQUENCE"><Statistics source="meta"><Rows count="597251"/><Elements count="44717558"/></Statistics></Table></Database></Databases><Bases cs_native="false" count="44717558"><Base value="A" count="13493019"/><Base value="C" count="8124266"/><Base value="G" count="8669088"/><Base value="T" count="14430685"/><Base value="N" count="500"/></Bases></RUN></RUN_SET></EXPERIMENT_PACKAGE>
</EXPERIMENT_PACKAGE_SET>
