<?xml version="1.0"  ?>
<EXPERIMENT_PACKAGE_SET>
<EXPERIMENT_PACKAGE><EXPERIMENT accession="SRX7857605" alias="WA9_UW6"><IDENTIFIERS><PRIMARY_ID>SRX7857605</PRIMARY_ID></IDENTIFIERS><TITLE>RNA-Seq of Severe  acute respiratory syndrome coronavirus 2</TITLE><STUDY_REF accession="SRP251618"><IDENTIFIERS><PRIMARY_ID>SRP251618</PRIMARY_ID><EXTERNAL_ID namespace="BioProject">PRJNA610428</EXTERNAL_ID></IDENTIFIERS></STUDY_REF><DESIGN><DESIGN_DESCRIPTION>random hexamer first  and second strand synthesis followed by Nextera XT</DESIGN_DESCRIPTION><SAMPLE_DESCRIPTOR accession="SRS6266707"><IDENTIFIERS><PRIMARY_ID>SRS6266707</PRIMARY_ID></IDENTIFIERS></SAMPLE_DESCRIPTOR><LIBRARY_DESCRIPTOR><LIBRARY_NAME>WA9_UW6</LIBRARY_NAME><LIBRARY_STRATEGY>RNA-Seq</LIBRARY_STRATEGY><LIBRARY_SOURCE>VIRAL RNA</LIBRARY_SOURCE><LIBRARY_SELECTION>unspecified</LIBRARY_SELECTION><LIBRARY_LAYOUT><SINGLE/></LIBRARY_LAYOUT></LIBRARY_DESCRIPTOR></DESIGN><PLATFORM><ILLUMINA><INSTRUMENT_MODEL>Illumina MiSeq</INSTRUMENT_MODEL></ILLUMINA></PLATFORM></EXPERIMENT><SUBMISSION lab_name="Laboratory Medicine, Virology" center_name="UNIVERSITY OF WASHINGTON" accession="SRA1051515" alias="SUB7104490"><IDENTIFIERS><PRIMARY_ID>SRA1051515</PRIMARY_ID></IDENTIFIERS></SUBMISSION><Organization type="institute"><Name>UNIVERSITY OF WASHINGTON</Name><Address postal_code="98102"><Department>Laboratory Medicine, Virology</Department><Institution>UNIVERSITY OF WASHINGTON</Institution><Street>1616 Eastlake ave</Street><City>seattle</City><Sub>wa</Sub><Country>United States of America</Country></Address><Contact email="proychou@uw.edu"><Address postal_code="98102"><Department>Laboratory Medicine, Virology</Department><Institution>UNIVERSITY OF WASHINGTON</Institution><Street>1616 Eastlake ave</Street><City>seattle</City><Sub>wa</Sub><Country>United States of America</Country></Address><Name><First>Pavitra</First><Last>Roychoudhury</Last></Name></Contact></Organization><STUDY center_name="BioProject" alias="PRJNA610428" accession="SRP251618"><IDENTIFIERS><PRIMARY_ID>SRP251618</PRIMARY_ID><EXTERNAL_ID namespace="BioProject" label="primary">PRJNA610428</EXTERNAL_ID></IDENTIFIERS><DESCRIPTOR><STUDY_TITLE>Washington SARS-CoV-2 isolate sequences</STUDY_TITLE><STUDY_TYPE existing_study_type="Other"/><STUDY_ABSTRACT>Isolate raw read files from the Washington SARS-CoV-2 outbreak</STUDY_ABSTRACT></DESCRIPTOR></STUDY><SAMPLE alias="WA9-UW6" accession="SRS6266707"><IDENTIFIERS><PRIMARY_ID>SRS6266707</PRIMARY_ID><EXTERNAL_ID namespace="BioSample">SAMN14308029</EXTERNAL_ID></IDENTIFIERS><SAMPLE_NAME><TAXON_ID>2697049</TAXON_ID><SCIENTIFIC_NAME>Severe acute respiratory syndrome coronavirus 2</SCIENTIFIC_NAME></SAMPLE_NAME><SAMPLE_LINKS><SAMPLE_LINK><XREF_LINK><DB>bioproject</DB><ID>610428</ID><LABEL>PRJNA610428</LABEL></XREF_LINK></SAMPLE_LINK></SAMPLE_LINKS><SAMPLE_ATTRIBUTES><SAMPLE_ATTRIBUTE><TAG>strain</TAG><VALUE>BetaCoV/USA/WA9-UW6/2020</VALUE></SAMPLE_ATTRIBUTE><SAMPLE_ATTRIBUTE><TAG>collected_by</TAG><VALUE>University of Washington Virology laboratory</VALUE></SAMPLE_ATTRIBUTE><SAMPLE_ATTRIBUTE><TAG>collection_date</TAG><VALUE>01-Mar-2020</VALUE></SAMPLE_ATTRIBUTE><SAMPLE_ATTRIBUTE><TAG>geo_loc_name</TAG><VALUE>USA: WA</VALUE></SAMPLE_ATTRIBUTE><SAMPLE_ATTRIBUTE><TAG>host</TAG><VALUE>Homo sapiens</VALUE></SAMPLE_ATTRIBUTE><SAMPLE_ATTRIBUTE><TAG>host_disease</TAG><VALUE>COVID-19</VALUE></SAMPLE_ATTRIBUTE><SAMPLE_ATTRIBUTE><TAG>isolation_source</TAG><VALUE>USA, WA</VALUE></SAMPLE_ATTRIBUTE><SAMPLE_ATTRIBUTE><TAG>lat_lon</TAG><VALUE>missing</VALUE></SAMPLE_ATTRIBUTE><SAMPLE_ATTRIBUTE><TAG>BioSampleModel</TAG><VALUE>Pathogen.cl</VALUE></SAMPLE_ATTRIBUTE></SAMPLE_ATTRIBUTES></SAMPLE><Pool><Member member_name="" accession="SRS6266707" sample_name="WA9-UW6" spots="10454" bases="888775" tax_id="2697049" organism="Severe acute respiratory syndrome coronavirus 2"><IDENTIFIERS><PRIMARY_ID>SRS6266707</PRIMARY_ID><EXTERNAL_ID namespace="BioSample">SAMN14308029</EXTERNAL_ID></IDENTIFIERS></Member></Pool><RUN_SET><RUN accession="SRR11247075" alias="WA9-UW6Unpaired.fastq.gz" total_spots="10454" total_bases="888775" size="440815" load_done="true" published="2020-03-05 16:14:12" is_public="true" cluster_name="public" static_data_available="1"><IDENTIFIERS><PRIMARY_ID>SRR11247075</PRIMARY_ID></IDENTIFIERS><EXPERIMENT_REF accession="SRX7857605"><IDENTIFIERS/></EXPERIMENT_REF><Pool><Member member_name="" accession="SRS6266707" sample_name="WA9-UW6" spots="10454" bases="888775" tax_id="2697049" organism="Severe acute respiratory syndrome coronavirus 2"><IDENTIFIERS><PRIMARY_ID>SRS6266707</PRIMARY_ID><EXTERNAL_ID namespace="BioSample">SAMN14308029</EXTERNAL_ID></IDENTIFIERS></Member></Pool><SRAFiles><SRAFile cluster="public" filename="WA9-UW6Unpaired.fastq.gz" url="https://sra-download.ncbi.nlm.nih.gov/traces/sra49/SRZ/011247/SRR11247075/WA9-UW6Unpaired.fastq.gz" size="351835" date="2020-03-05 16:11:36" md5="78f077294c2231fa7ddecccb64ff33fe" semantic_name="fastq" supertype="Original" sratoolkit="0"><Alternatives url="https://sra-download.ncbi.nlm.nih.gov/traces/sra49/SRZ/011247/SRR11247075/WA9-UW6Unpaired.fastq.gz" free_egress="worldwide" access_type="anonymous" org="NCBI"/><Alternatives url="gs://sra-pub-src-4/SRR11247075/WA9-UW6Unpaired.fastq.gz.1" free_egress="gs.US" access_type="gcp identity" org="GCP"/></SRAFile><SRAFile cluster="public" filename="SRR11247075" url="https://sra-download.ncbi.nlm.nih.gov/traces/sra62/SRR/010983/SRR11247075" size="442340" date="2020-03-05 16:11:45" md5="0c0de640f245a4d5071715e43755b277" semantic_name="run" supertype="Primary ETL" sratoolkit="1"><Alternatives url="https://sra-download.ncbi.nlm.nih.gov/traces/sra62/SRR/010983/SRR11247075" free_egress="worldwide" access_type="anonymous" org="NCBI"/><Alternatives url="s3://sra-pub-run-9/SRR11247075/SRR11247075.1" free_egress="s3.us-east-1" access_type="aws identity" org="AWS"/><Alternatives url="gs://sra-pub-run-8/SRR11247075/SRR11247075.1" free_egress="gs.US" access_type="gcp identity" org="GCP"/></SRAFile></SRAFiles><CloudFiles><CloudFile filetype="fastq" provider="gs" location="gs.US"/><CloudFile filetype="run" provider="gs" location="gs.US"/><CloudFile filetype="run" provider="s3" location="s3.us-east-1"/></CloudFiles><Statistics nreads="2" nspots="10454"><Read index="0" count="10454" average="85.02" stdev="71.68"/><Read index="1" count="0" average="0" stdev="0"/></Statistics><Databases><Database><Table name="SEQUENCE"><Statistics source="meta"><Rows count="10454"/><Elements count="888775"/></Statistics></Table></Database></Databases><Bases cs_native="false" count="888775"><Base value="A" count="304683"/><Base value="C" count="152041"/><Base value="G" count="160845"/><Base value="T" count="271206"/><Base value="N" count="0"/></Bases></RUN></RUN_SET></EXPERIMENT_PACKAGE>
</EXPERIMENT_PACKAGE_SET>
