<?xml version="1.0"  ?>
<EXPERIMENT_PACKAGE_SET>
<EXPERIMENT_PACKAGE><EXPERIMENT accession="SRX7777162" alias="vero76_illumina"><IDENTIFIERS><PRIMARY_ID>SRX7777162</PRIMARY_ID></IDENTIFIERS><TITLE>SARS-CoV-2 vero76_illumina</TITLE><STUDY_REF accession="SRP250294"><IDENTIFIERS><PRIMARY_ID>SRP250294</PRIMARY_ID></IDENTIFIERS></STUDY_REF><DESIGN><DESIGN_DESCRIPTION>SISPA Nextera XT</DESIGN_DESCRIPTION><SAMPLE_DESCRIPTOR accession="SRS6189918"><IDENTIFIERS><PRIMARY_ID>SRS6189918</PRIMARY_ID></IDENTIFIERS></SAMPLE_DESCRIPTOR><LIBRARY_DESCRIPTOR><LIBRARY_NAME>vero76_illumina</LIBRARY_NAME><LIBRARY_STRATEGY>WGS</LIBRARY_STRATEGY><LIBRARY_SOURCE>METAGENOMIC</LIBRARY_SOURCE><LIBRARY_SELECTION>RANDOM PCR</LIBRARY_SELECTION><LIBRARY_LAYOUT><PAIRED/></LIBRARY_LAYOUT></LIBRARY_DESCRIPTOR></DESIGN><PLATFORM><ILLUMINA><INSTRUMENT_MODEL>Illumina MiSeq</INSTRUMENT_MODEL></ILLUMINA></PLATFORM></EXPERIMENT><SUBMISSION lab_name="Pathology and Laboratory Medicine" center_name="University of Wisconsin - Madison" accession="SRA1045991" alias="SUB6993965"><IDENTIFIERS><PRIMARY_ID>SRA1045991</PRIMARY_ID></IDENTIFIERS></SUBMISSION><Organization type="institute"><Name>University of Wisconsin - Madison</Name><Address postal_code="53703"><Department>Pathology and Laboratory Medicine</Department><Institution>University of Wisconsin - Madison</Institution><Street>555 Science Dr</Street><City>Madison</City><Sub>WI</Sub><Country>USA</Country></Address><Contact email="gkmoreno@wisc.edu"><Address postal_code="53703"><Department>Pathology and Laboratory Medicine</Department><Institution>University of Wisconsin - Madison</Institution><Street>555 Science Dr</Street><City>Madison</City><Sub>WI</Sub><Country>USA</Country></Address><Name><First>Gage</First><Last>Moreno</Last></Name></Contact></Organization><STUDY center_name="BioProject" alias="PRJNA607948" accession="SRP250294"><IDENTIFIERS><PRIMARY_ID>SRP250294</PRIMARY_ID><EXTERNAL_ID namespace="BioProject" label="primary">PRJNA607948</EXTERNAL_ID></IDENTIFIERS><DESCRIPTOR><STUDY_TITLE>SARS-CoV-2 parallel sequencing by Illumina and Oxford Nanopore Technologies</STUDY_TITLE><STUDY_TYPE existing_study_type="Other"/><STUDY_ABSTRACT>Recent studies of SARS-CoV-2 have sequenced clinical samples or primary passaged samples in real time but have yet to look at low level viral diversity. It is critical to evaluate viral diversity below the consensus level as minor variants may impact patterns of virulence and person-to-person transmission efficiency. Additionally, the relative frequencies and functional impact (at the amino acid level) of this variation can be leveraged to make inferences about viral population dynamics and the relative roles of selection and random genetic fluctuations, or genetic drift.To characterize within-host viral diversity of this emerging virus, we obtained for SARS-CoV-2/2019-nCoV/USA-WI-1/2020 samples from Yoshihiro Kawaoka's lab:1. A clinical swab obtained from a confirmed case in Madison, WI.2. Cell culture isolates - all having undergone one passage each:- Vero 76; ATCC CRL-1587- Vero E6, C1008; ATC-1586- Vero STAT-1 KO; ATCC CCL-81-VHG</STUDY_ABSTRACT></DESCRIPTOR><STUDY_LINKS><STUDY_LINK><URL_LINK><LABEL>LabKey Open Research Portal</LABEL><URL>https://openresearch.labkey.com/wiki/ZEST/Ncov/page.view?name=SARS-CoV-2%20Deep%20Sequencing</URL></URL_LINK></STUDY_LINK></STUDY_LINKS></STUDY><SAMPLE alias="vero76_illumina" accession="SRS6189918"><IDENTIFIERS><PRIMARY_ID>SRS6189918</PRIMARY_ID><EXTERNAL_ID namespace="BioSample">SAMN14154201</EXTERNAL_ID></IDENTIFIERS><SAMPLE_NAME><TAXON_ID>2697049</TAXON_ID><SCIENTIFIC_NAME>Severe acute respiratory syndrome coronavirus 2</SCIENTIFIC_NAME></SAMPLE_NAME><SAMPLE_LINKS><SAMPLE_LINK><XREF_LINK><DB>bioproject</DB><ID>607948</ID><LABEL>PRJNA607948</LABEL></XREF_LINK></SAMPLE_LINK></SAMPLE_LINKS><SAMPLE_ATTRIBUTES><SAMPLE_ATTRIBUTE><TAG>strain</TAG><VALUE>2019-nCoV/USA-WI1/2020</VALUE></SAMPLE_ATTRIBUTE><SAMPLE_ATTRIBUTE><TAG>isolate</TAG><VALUE>2019-nCoV/USA-WI1/2020 Illumina replicate - Vero 76</VALUE></SAMPLE_ATTRIBUTE><SAMPLE_ATTRIBUTE><TAG>collected_by</TAG><VALUE>Wisconsin State Lab of Hygiene</VALUE></SAMPLE_ATTRIBUTE><SAMPLE_ATTRIBUTE><TAG>collection_date</TAG><VALUE>2020-02-14</VALUE></SAMPLE_ATTRIBUTE><SAMPLE_ATTRIBUTE><TAG>geo_loc_name</TAG><VALUE>USA:WI,Madison</VALUE></SAMPLE_ATTRIBUTE><SAMPLE_ATTRIBUTE><TAG>host</TAG><VALUE>Homo sapiens</VALUE></SAMPLE_ATTRIBUTE><SAMPLE_ATTRIBUTE><TAG>host_disease</TAG><VALUE>COVID-19</VALUE></SAMPLE_ATTRIBUTE><SAMPLE_ATTRIBUTE><TAG>isolation_source</TAG><VALUE>passage</VALUE></SAMPLE_ATTRIBUTE><SAMPLE_ATTRIBUTE><TAG>lat_lon</TAG><VALUE>43.0731 N 89.4012 W</VALUE></SAMPLE_ATTRIBUTE><SAMPLE_ATTRIBUTE><TAG>BioSampleModel</TAG><VALUE>Pathogen.cl</VALUE></SAMPLE_ATTRIBUTE></SAMPLE_ATTRIBUTES></SAMPLE><Pool><Member member_name="" accession="SRS6189918" sample_name="vero76_illumina" spots="421395" bases="190194752" tax_id="2697049" organism="Severe acute respiratory syndrome coronavirus 2"><IDENTIFIERS><PRIMARY_ID>SRS6189918</PRIMARY_ID><EXTERNAL_ID namespace="BioSample">SAMN14154201</EXTERNAL_ID></IDENTIFIERS></Member></Pool><RUN_SET><RUN accession="SRR11140748" alias="vero76_Illumina.fastq" total_spots="421395" total_bases="190194752" size="92488120" load_done="true" published="2020-02-21 13:46:13" is_public="true" cluster_name="public" static_data_available="1"><IDENTIFIERS><PRIMARY_ID>SRR11140748</PRIMARY_ID></IDENTIFIERS><EXPERIMENT_REF accession="SRX7777162"><IDENTIFIERS/></EXPERIMENT_REF><RUN_ATTRIBUTES><RUN_ATTRIBUTE><TAG>loader</TAG><VALUE>fastq-load.py</VALUE></RUN_ATTRIBUTE></RUN_ATTRIBUTES><Pool><Member member_name="" accession="SRS6189918" sample_name="vero76_illumina" spots="421395" bases="190194752" tax_id="2697049" organism="Severe acute respiratory syndrome coronavirus 2"><IDENTIFIERS><PRIMARY_ID>SRS6189918</PRIMARY_ID><EXTERNAL_ID namespace="BioSample">SAMN14154201</EXTERNAL_ID></IDENTIFIERS></Member></Pool><SRAFiles><SRAFile cluster="public" size="422983302" date="2020-02-21 13:41:30" md5="d47110c43483c9c24d7bdc3d0d9f3ac6" semantic_name="fastq" supertype="Original" sratoolkit="0"><Alternatives url="s3://sra-pub-src-4/SRR11140748/vero76_Illumina.fastq.1" free_egress="s3.us-east-1" access_type="aws identity" org="AWS"/><Alternatives url="gs://sra-pub-src-4/SRR11140748/vero76_Illumina.fastq.1" free_egress="gs.US" access_type="gcp identity" org="GCP"/></SRAFile><SRAFile cluster="public" filename="SRR11140748" url="https://sra-download.ncbi.nlm.nih.gov/traces/sra52/SRR/010879/SRR11140748" size="92490352" date="2020-02-21 13:45:08" md5="482e7f3caf72646350b52752cabcb744" semantic_name="run" supertype="Primary ETL" sratoolkit="1"><Alternatives url="https://sra-download.ncbi.nlm.nih.gov/traces/sra52/SRR/010879/SRR11140748" free_egress="worldwide" access_type="anonymous" org="NCBI"/><Alternatives url="s3://sra-pub-run-9/SRR11140748/SRR11140748.1" free_egress="s3.us-east-1" access_type="aws identity" org="AWS"/><Alternatives url="gs://sra-pub-run-8/SRR11140748/SRR11140748.1" free_egress="gs.US" access_type="gcp identity" org="GCP"/></SRAFile></SRAFiles><CloudFiles><CloudFile filetype="fastq" provider="gs" location="gs.US"/><CloudFile filetype="fastq" provider="s3" location="s3.us-east-1"/><CloudFile filetype="run" provider="gs" location="gs.US"/><CloudFile filetype="run" provider="s3" location="s3.us-east-1"/></CloudFiles><Statistics nreads="variable"/><Databases><Database><Table name="SEQUENCE"><Statistics source="meta"><Rows count="421395"/><Elements count="190194752"/></Statistics></Table></Database></Databases><Bases cs_native="false" count="190194752"><Base value="A" count="57772514"/><Base value="C" count="37239567"/><Base value="G" count="37328099"/><Base value="T" count="57854572"/><Base value="N" count="0"/></Bases></RUN></RUN_SET></EXPERIMENT_PACKAGE>
</EXPERIMENT_PACKAGE_SET>
