<?xml version="1.0"  ?>
<EXPERIMENT_PACKAGE_SET>
<EXPERIMENT_PACKAGE><EXPERIMENT alias="IL100155255_M01994_20200319_L1_experiment" center_name="UMIGS" accession="SRX7972536"><IDENTIFIERS><PRIMARY_ID>SRX7972536</PRIMARY_ID></IDENTIFIERS><TITLE/><STUDY_REF accession="SRP040661"><IDENTIFIERS><PRIMARY_ID>SRP040661</PRIMARY_ID><EXTERNAL_ID namespace="BioProject">PRJNA231221</EXTERNAL_ID></IDENTIFIERS></STUDY_REF><DESIGN><DESIGN_DESCRIPTION>RNA was converted to cDNA using the Ovation RNA-Seq System V2 kit.  cDNA was sheared and prepared into an indexed, PE Illumina library.</DESIGN_DESCRIPTION><SAMPLE_DESCRIPTOR accession="SRS6357438"><IDENTIFIERS><PRIMARY_ID>SRS6357438</PRIMARY_ID><EXTERNAL_ID namespace="BioSample">SAMN14384141</EXTERNAL_ID></IDENTIFIERS></SAMPLE_DESCRIPTOR><LIBRARY_DESCRIPTOR><LIBRARY_NAME>IL100155255</LIBRARY_NAME><LIBRARY_STRATEGY>WGS</LIBRARY_STRATEGY><LIBRARY_SOURCE>VIRAL RNA</LIBRARY_SOURCE><LIBRARY_SELECTION>cDNA</LIBRARY_SELECTION><LIBRARY_LAYOUT><PAIRED NOMINAL_LENGTH="514" NOMINAL_SDEV="0.0E0"/></LIBRARY_LAYOUT><LIBRARY_CONSTRUCTION_PROTOCOL>UMIGS-GRC Illumina Construction Protocol Details</LIBRARY_CONSTRUCTION_PROTOCOL></LIBRARY_DESCRIPTOR><SPOT_DESCRIPTOR><SPOT_DECODE_SPEC><SPOT_LENGTH>602</SPOT_LENGTH><READ_SPEC><READ_INDEX>0</READ_INDEX><READ_CLASS>Application Read</READ_CLASS><READ_TYPE>Forward</READ_TYPE><BASE_COORD>1</BASE_COORD></READ_SPEC><READ_SPEC><READ_INDEX>1</READ_INDEX><READ_CLASS>Application Read</READ_CLASS><READ_TYPE>Reverse</READ_TYPE><BASE_COORD>302</BASE_COORD></READ_SPEC></SPOT_DECODE_SPEC></SPOT_DESCRIPTOR></DESIGN><PLATFORM><ILLUMINA><INSTRUMENT_MODEL>Illumina MiSeq</INSTRUMENT_MODEL></ILLUMINA></PLATFORM></EXPERIMENT><SUBMISSION lab_name="Genomics Resource Center" alias="UMIGS3483" center_name="UMIGS" accession="SRA1058331"><IDENTIFIERS><PRIMARY_ID>SRA1058331</PRIMARY_ID></IDENTIFIERS></SUBMISSION><Organization type="center"><Name abbr="UMIGS">University of Maryland Institute for Genome Sciences</Name><Contact email="ljtallon@som.umaryland.edu"><Name><First>Luke</First><Last>Tallon</Last></Name></Contact></Organization><STUDY center_name="BioProject" alias="PRJNA231221" accession="SRP040661"><IDENTIFIERS><PRIMARY_ID>SRP040661</PRIMARY_ID><EXTERNAL_ID namespace="BioProject" label="primary">PRJNA231221</EXTERNAL_ID></IDENTIFIERS><DESCRIPTOR><STUDY_TITLE>FDA-ARGOS is a database with public quality-controlled reference genomes for diagnostic use and regulatory science</STUDY_TITLE><STUDY_TYPE existing_study_type="Other"/><STUDY_ABSTRACT>In May 2014, the FDA and collaborators established a publicly available dAtabase for Reference Grade micrObial Sequences called FDA-ARGOS. With funding support from FDA's Office of Counterterrorism and Emerging Threats (OCET) and DoD, the FDA-ARGOS team are initially collecting and sequencing 2000 microbes that include biothreat microorganisms, common clinical pathogens and closely related species.  Currently, FDA-ARGOS microbial genomes are generated in 3 phases. Generally: &lt;ul&gt; &lt;li&gt;Phase 1 entails collection of a previously identified microbe and nucleic acid extraction.&lt;/li&gt; &lt;li&gt;Phase 2, the microbial nucleic acids are sequenced and de novo assembled using Illumina and PacBio sequencing platforms at the Institute for Genome Sciences at the University of Maryland (UMD-IGS).&lt;/li&gt; &lt;li&gt;Phase 3, the assembled genomes are vetted by an ID-NGS subject matter expert working group consisting of FDA personnel and collaborators and the data are deposited in NCBI databases.&lt;/li&gt; &lt;/ul&gt;   The FDA-ARGOS genomes meet the quality metrics for reference-grade genomes for regulatory use. FDA-ARGOS reference genomes have been de novo assembled with high depth of base coverage and placed within a pre-established phylogenetic tree. Each microbial isolate in the database is covered at a minimum of 20X over 95 percent of the assembled core genome. Furthermore, sample specific metadata, raw reads, assemblies, annotation and details of the bioinformatics pipeline are available.</STUDY_ABSTRACT></DESCRIPTOR><STUDY_LINKS><STUDY_LINK><XREF_LINK><DB>pubmed</DB><ID>31346170</ID></XREF_LINK></STUDY_LINK><STUDY_LINK><URL_LINK><LABEL>NCBI Pathogen Detection</LABEL><URL>https://www.ncbi.nlm.nih.gov/pathogens/</URL></URL_LINK></STUDY_LINK><STUDY_LINK><URL_LINK><LABEL>FDA-ARGOS</LABEL><URL>https://www.fda.gov/argos</URL></URL_LINK></STUDY_LINK><STUDY_LINK><URL_LINK><LABEL/><URL>https://www.fda.gov/medical-devices/science-and-research-medical-devices/database-reference-grade-microbial-sequences-fda-argos</URL></URL_LINK></STUDY_LINK></STUDY_LINKS><STUDY_ATTRIBUTES><STUDY_ATTRIBUTE><TAG>parent_bioproject</TAG><VALUE>PRJNA608517</VALUE></STUDY_ATTRIBUTE></STUDY_ATTRIBUTES></STUDY><SAMPLE alias="FDAARGOS_983" accession="SRS6357438"><IDENTIFIERS><PRIMARY_ID>SRS6357438</PRIMARY_ID><EXTERNAL_ID namespace="BioSample">SAMN14384141</EXTERNAL_ID></IDENTIFIERS><SAMPLE_NAME><TAXON_ID>2697049</TAXON_ID><SCIENTIFIC_NAME>Severe acute respiratory syndrome coronavirus 2</SCIENTIFIC_NAME></SAMPLE_NAME><DESCRIPTION>SARS-CoV-2</DESCRIPTION><SAMPLE_LINKS><SAMPLE_LINK><XREF_LINK><DB>bioproject</DB><ID>231221</ID><LABEL>PRJNA231221</LABEL></XREF_LINK></SAMPLE_LINK></SAMPLE_LINKS><SAMPLE_ATTRIBUTES><SAMPLE_ATTRIBUTE><TAG>identification_method</TAG><VALUE>Phenotypic and Molecular Methods</VALUE></SAMPLE_ATTRIBUTE><SAMPLE_ATTRIBUTE><TAG>isolate</TAG><VALUE>2019-nCoV/USA-WA1/2020</VALUE></SAMPLE_ATTRIBUTE><SAMPLE_ATTRIBUTE><TAG>strain</TAG><VALUE>FDAARGOS_983</VALUE></SAMPLE_ATTRIBUTE><SAMPLE_ATTRIBUTE><TAG>collected_by</TAG><VALUE>BEI Resources/American Type and Culture Collection (ATCC)</VALUE></SAMPLE_ATTRIBUTE><SAMPLE_ATTRIBUTE><TAG>collection_date</TAG><VALUE>2020-01-19</VALUE></SAMPLE_ATTRIBUTE><SAMPLE_ATTRIBUTE><TAG>geo_loc_name</TAG><VALUE>USA</VALUE></SAMPLE_ATTRIBUTE><SAMPLE_ATTRIBUTE><TAG>isolation_source</TAG><VALUE>oropharyngeal swab</VALUE></SAMPLE_ATTRIBUTE><SAMPLE_ATTRIBUTE><TAG>lat_lon</TAG><VALUE>not applicable</VALUE></SAMPLE_ATTRIBUTE><SAMPLE_ATTRIBUTE><TAG>culture_collection</TAG><VALUE>FDA:FDAARGOS_983</VALUE></SAMPLE_ATTRIBUTE><SAMPLE_ATTRIBUTE><TAG>host</TAG><VALUE>Homo sapiens</VALUE></SAMPLE_ATTRIBUTE><SAMPLE_ATTRIBUTE><TAG>host_description</TAG><VALUE>Isolated from clinical sample from the first case of nCov in US from Washington State</VALUE></SAMPLE_ATTRIBUTE><SAMPLE_ATTRIBUTE><TAG>host_disease</TAG><VALUE>COVID-19</VALUE></SAMPLE_ATTRIBUTE><SAMPLE_ATTRIBUTE><TAG>passage_history</TAG><VALUE>A total of 4 passages; Vero (3) at CDC followed by Vero E6 (1) at BEI Resources</VALUE></SAMPLE_ATTRIBUTE><SAMPLE_ATTRIBUTE><TAG>sample type</TAG><VALUE>genomic RNA</VALUE></SAMPLE_ATTRIBUTE><SAMPLE_ATTRIBUTE><TAG>Laboratory Host</TAG><VALUE>Vero E6 cells (CRL-1586)</VALUE></SAMPLE_ATTRIBUTE><SAMPLE_ATTRIBUTE><TAG>Extraction Method</TAG><VALUE>QIAamp Viral RNA kit using carrier tRNA</VALUE></SAMPLE_ATTRIBUTE><SAMPLE_ATTRIBUTE><TAG>ref_biomaterial</TAG><VALUE>BEI Resources catalog NR-52281 (lot 70033135)</VALUE></SAMPLE_ATTRIBUTE><SAMPLE_ATTRIBUTE><TAG>link_addit_analys</TAG><VALUE>https://wwwnc.cdc.gov/eid/article/26/6/20-0516_article</VALUE></SAMPLE_ATTRIBUTE><SAMPLE_ATTRIBUTE><TAG>BioSampleModel</TAG><VALUE>Pathogen.cl</VALUE></SAMPLE_ATTRIBUTE></SAMPLE_ATTRIBUTES></SAMPLE><Pool><Member member_name="" accession="SRS6357438" sample_name="FDAARGOS_983" sample_title="SARS-CoV-2" spots="7163692" bases="4312542584" tax_id="2697049" organism="Severe acute respiratory syndrome coronavirus 2"><IDENTIFIERS><PRIMARY_ID>SRS6357438</PRIMARY_ID><EXTERNAL_ID namespace="BioSample">SAMN14384141</EXTERNAL_ID></IDENTIFIERS></Member></Pool><RUN_SET><RUN alias="IL100155255_M01994_20200319_L1_run" accession="SRR11393704" total_spots="7163692" total_bases="4312542584" size="2054852724" load_done="true" published="2020-03-24 06:26:34" is_public="true" cluster_name="public" static_data_available="1"><IDENTIFIERS><PRIMARY_ID>SRR11393704</PRIMARY_ID></IDENTIFIERS><EXPERIMENT_REF accession="SRX7972536" refname="IL100155255_M01994_20200319_L1_experiment"/><Pool><Member member_name="" accession="SRS6357438" sample_name="FDAARGOS_983" sample_title="SARS-CoV-2" spots="7163692" bases="4312542584" tax_id="2697049" organism="Severe acute respiratory syndrome coronavirus 2"><IDENTIFIERS><PRIMARY_ID>SRS6357438</PRIMARY_ID><EXTERNAL_ID namespace="BioSample">SAMN14384141</EXTERNAL_ID></IDENTIFIERS></Member></Pool><SRAFiles><SRAFile cluster="public" size="1190152941" date="2020-03-24 06:09:42" md5="ce5b3cc90c8edacf4472f729e153494e" semantic_name="fastq" supertype="Original" sratoolkit="0"><Alternatives url="s3://sra-pub-src-8/SRR11393704/PFDA1_20200319_M01994_IL100155255_TWA-A12_L001_R1.fastq.gz.1" free_egress="s3.us-east-1" access_type="aws identity" org="AWS"/><Alternatives url="gs://sra-pub-src-8/SRR11393704/PFDA1_20200319_M01994_IL100155255_TWA-A12_L001_R1.fastq.gz.1" free_egress="gs.US" access_type="gcp identity" org="GCP"/></SRAFile><SRAFile cluster="public" size="1421030318" date="2020-03-24 06:12:14" md5="8e8fc51e879b7d977e1509fe14d8e6c1" semantic_name="fastq" supertype="Original" sratoolkit="0"><Alternatives url="s3://sra-pub-src-8/SRR11393704/PFDA1_20200319_M01994_IL100155255_TWA-A12_L001_R2.fastq.gz.1" free_egress="s3.us-east-1" access_type="aws identity" org="AWS"/><Alternatives url="gs://sra-pub-src-8/SRR11393704/PFDA1_20200319_M01994_IL100155255_TWA-A12_L001_R2.fastq.gz.1" free_egress="gs.US" access_type="gcp identity" org="GCP"/></SRAFile><SRAFile cluster="public" filename="SRR11393704" url="https://sra-download.ncbi.nlm.nih.gov/traces/sra60/SRR/011126/SRR11393704" size="2054854252" date="2020-03-24 06:17:47" md5="dc181248387ed2352a1dab9827082e2e" semantic_name="run" supertype="Primary ETL" sratoolkit="1"><Alternatives url="https://sra-download.ncbi.nlm.nih.gov/traces/sra60/SRR/011126/SRR11393704" free_egress="worldwide" access_type="anonymous" org="NCBI"/><Alternatives url="s3://sra-pub-run-9/SRR11393704/SRR11393704.1" free_egress="s3.us-east-1" access_type="aws identity" org="AWS"/><Alternatives url="gs://sra-pub-run-8/SRR11393704/SRR11393704.1" free_egress="gs.US" access_type="gcp identity" org="GCP"/></SRAFile></SRAFiles><CloudFiles><CloudFile filetype="fastq" provider="gs" location="gs.US"/><CloudFile filetype="fastq" provider="s3" location="s3.us-east-1"/><CloudFile filetype="run" provider="gs" location="gs.US"/><CloudFile filetype="run" provider="s3" location="s3.us-east-1"/></CloudFiles><Statistics nreads="2" nspots="7163692"><Read index="0" count="7163692" average="301" stdev="0"/><Read index="1" count="7163692" average="301" stdev="0"/></Statistics><Databases><Database><Table name="SEQUENCE"><Statistics source="meta"><Rows count="7163692"/><Elements count="4312542584"/></Statistics></Table></Database></Databases><Bases cs_native="false" count="4312542584"><Base value="A" count="1276688268"/><Base value="C" count="911755767"/><Base value="G" count="905021521"/><Base value="T" count="1219076994"/><Base value="N" count="34"/></Bases></RUN></RUN_SET></EXPERIMENT_PACKAGE>
</EXPERIMENT_PACKAGE_SET>
