<?xml version="1.0"  ?>
<EXPERIMENT_PACKAGE_SET>
<EXPERIMENT_PACKAGE><EXPERIMENT accession="SRX8133044" alias="VA-DCLS-0014"><IDENTIFIERS><PRIMARY_ID>SRX8133044</PRIMARY_ID></IDENTIFIERS><TITLE>Amplicon-based sequencing of SARS-CoV-2: VA-DCLS-0014</TITLE><STUDY_REF accession="SRP256957"><IDENTIFIERS><PRIMARY_ID>SRP256957</PRIMARY_ID><EXTERNAL_ID namespace="BioProject">PRJNA625551</EXTERNAL_ID></IDENTIFIERS></STUDY_REF><DESIGN><DESIGN_DESCRIPTION>ARTIC PCR-tiling of viral cDNA (V2), sequenced by Illumina MiSeq with DNA Flex library prep-kit. Only reads aligned to SARS-CoV-2 reference (NC_045512.2) retained.</DESIGN_DESCRIPTION><SAMPLE_DESCRIPTOR accession="SRS6496543"><IDENTIFIERS><PRIMARY_ID>SRS6496543</PRIMARY_ID></IDENTIFIERS></SAMPLE_DESCRIPTOR><LIBRARY_DESCRIPTOR><LIBRARY_NAME>VA-DCLS-0014</LIBRARY_NAME><LIBRARY_STRATEGY>AMPLICON</LIBRARY_STRATEGY><LIBRARY_SOURCE>VIRAL RNA</LIBRARY_SOURCE><LIBRARY_SELECTION>cDNA</LIBRARY_SELECTION><LIBRARY_LAYOUT><PAIRED/></LIBRARY_LAYOUT></LIBRARY_DESCRIPTOR></DESIGN><PLATFORM><ILLUMINA><INSTRUMENT_MODEL>Illumina MiSeq</INSTRUMENT_MODEL></ILLUMINA></PLATFORM></EXPERIMENT><SUBMISSION lab_name="Virginia Division of Consolidated Laboratories" center_name="DCLS-NGS" accession="SRA1066476" alias="SUB7223169"><IDENTIFIERS><PRIMARY_ID>SRA1066476</PRIMARY_ID></IDENTIFIERS></SUBMISSION><Organization type="institute" org_id="14434" url="https://dgs.virginia.gov/division-of-consolidated-laboratory-services/"><Name abbr="DCLS-NGS">Virginia Division of Consolidated Laboratory Services Sequencing Submission Group</Name><Address postal_code="23219"><Department>Department of General Services Division of Consolidated Laboratory Services</Department><Institution>Virginia Division of Consolidated Laboratory Services Sequencing Submission Group</Institution><Street>500 North 5th Street</Street><City>Richmond</City><Sub>VA</Sub><Country>USA</Country></Address><Contact phone="804-648-4480 ext. 12" email="Lauren.turner@dgs.virginia.gov"><Name><First>Lauren</First><Last>Senty Turner</Last></Name></Contact></Organization><STUDY center_name="BioProject" alias="PRJNA625551" accession="SRP256957"><IDENTIFIERS><PRIMARY_ID>SRP256957</PRIMARY_ID><EXTERNAL_ID namespace="BioProject" label="primary">PRJNA625551</EXTERNAL_ID></IDENTIFIERS><DESCRIPTOR><STUDY_TITLE>SARS-CoV-2_sequencing</STUDY_TITLE><STUDY_TYPE existing_study_type="Other"/><STUDY_ABSTRACT>Illumina generated NGS reads of the SARS-CoV-2 genome. The goal is to be able to track the spread and evolution of this virus state-wide, nationally, and internationally.</STUDY_ABSTRACT><CENTER_PROJECT_NAME>SARS-CoV-2</CENTER_PROJECT_NAME></DESCRIPTOR><STUDY_ATTRIBUTES><STUDY_ATTRIBUTE><TAG>parent_bioproject</TAG><VALUE>PRJNA615625</VALUE></STUDY_ATTRIBUTE></STUDY_ATTRIBUTES></STUDY><SAMPLE alias="VA-DCLS-0014" accession="SRS6496543"><IDENTIFIERS><PRIMARY_ID>SRS6496543</PRIMARY_ID><EXTERNAL_ID namespace="BioSample">SAMN14614471</EXTERNAL_ID></IDENTIFIERS><SAMPLE_NAME><TAXON_ID>2697049</TAXON_ID><SCIENTIFIC_NAME>Severe acute respiratory syndrome coronavirus 2</SCIENTIFIC_NAME></SAMPLE_NAME><SAMPLE_LINKS><SAMPLE_LINK><XREF_LINK><DB>bioproject</DB><ID>625551</ID><LABEL>PRJNA625551</LABEL></XREF_LINK></SAMPLE_LINK></SAMPLE_LINKS><SAMPLE_ATTRIBUTES><SAMPLE_ATTRIBUTE><TAG>strain</TAG><VALUE>SARS-CoV-2/human/USA/VA-DCLS-0014/2020</VALUE></SAMPLE_ATTRIBUTE><SAMPLE_ATTRIBUTE><TAG>isolate</TAG><VALUE>Missing</VALUE></SAMPLE_ATTRIBUTE><SAMPLE_ATTRIBUTE><TAG>collected_by</TAG><VALUE>Virginia DCLS</VALUE></SAMPLE_ATTRIBUTE><SAMPLE_ATTRIBUTE><TAG>collection_date</TAG><VALUE>2020-03</VALUE></SAMPLE_ATTRIBUTE><SAMPLE_ATTRIBUTE><TAG>geo_loc_name</TAG><VALUE>USA:Virginia</VALUE></SAMPLE_ATTRIBUTE><SAMPLE_ATTRIBUTE><TAG>host</TAG><VALUE>Homo sapiens</VALUE></SAMPLE_ATTRIBUTE><SAMPLE_ATTRIBUTE><TAG>host_disease</TAG><VALUE>COVID-19</VALUE></SAMPLE_ATTRIBUTE><SAMPLE_ATTRIBUTE><TAG>isolation_source</TAG><VALUE>human</VALUE></SAMPLE_ATTRIBUTE><SAMPLE_ATTRIBUTE><TAG>lat_lon</TAG><VALUE>Missing</VALUE></SAMPLE_ATTRIBUTE><SAMPLE_ATTRIBUTE><TAG>BioSampleModel</TAG><VALUE>Pathogen.cl</VALUE></SAMPLE_ATTRIBUTE></SAMPLE_ATTRIBUTES></SAMPLE><Pool><Member member_name="" accession="SRS6496543" sample_name="VA-DCLS-0014" spots="842821" bases="149995331" tax_id="2697049" organism="Severe acute respiratory syndrome coronavirus 2"><IDENTIFIERS><PRIMARY_ID>SRS6496543</PRIMARY_ID><EXTERNAL_ID namespace="BioSample">SAMN14614471</EXTERNAL_ID></IDENTIFIERS></Member></Pool><RUN_SET><RUN accession="SRR11563867" alias="VA-DCLS-0014_SC2_R1.fastq.gz" total_spots="842821" total_bases="149995331" size="88670804" load_done="true" published="2020-04-17 16:26:15" is_public="true" cluster_name="public" static_data_available="1"><IDENTIFIERS><PRIMARY_ID>SRR11563867</PRIMARY_ID></IDENTIFIERS><EXPERIMENT_REF accession="SRX8133044"><IDENTIFIERS/></EXPERIMENT_REF><RUN_ATTRIBUTES><RUN_ATTRIBUTE><TAG>loader</TAG><VALUE>fastq-load.py</VALUE></RUN_ATTRIBUTE></RUN_ATTRIBUTES><Pool><Member member_name="" accession="SRS6496543" sample_name="VA-DCLS-0014" spots="842821" bases="149995331" tax_id="2697049" organism="Severe acute respiratory syndrome coronavirus 2"><IDENTIFIERS><PRIMARY_ID>SRS6496543</PRIMARY_ID><EXTERNAL_ID namespace="BioSample">SAMN14614471</EXTERNAL_ID></IDENTIFIERS></Member></Pool><SRAFiles><SRAFile cluster="public" size="192597190" date="2020-04-22 17:37:28" md5="eed993e6172374040629df56fe018b11" semantic_name="fastq" supertype="Original" sratoolkit="0"><Alternatives url="s3://sra-pub-src-7/SRR11563867/VA-DCLS-0014_SC2_R1.fastq.1" free_egress="s3.us-east-1" access_type="aws identity" org="AWS"/><Alternatives url="gs://sra-pub-src-7/SRR11563867/VA-DCLS-0014_SC2_R1.fastq.1" free_egress="gs.US" access_type="gcp identity" org="GCP"/></SRAFile><SRAFile cluster="public" size="192461500" date="2020-04-22 17:37:26" md5="6df46af49d65268f768b91ae6f0903fd" semantic_name="fastq" supertype="Original" sratoolkit="0"><Alternatives url="s3://sra-pub-src-7/SRR11563867/VA-DCLS-0014_SC2_R2.fastq.1" free_egress="s3.us-east-1" access_type="aws identity" org="AWS"/><Alternatives url="gs://sra-pub-src-7/SRR11563867/VA-DCLS-0014_SC2_R2.fastq.1" free_egress="gs.US" access_type="gcp identity" org="GCP"/></SRAFile><SRAFile cluster="public" filename="SRR11563867" url="https://sra-download.ncbi.nlm.nih.gov/traces/sra74/SRR/011292/SRR11563867" size="88672732" date="2020-04-22 17:37:36" md5="ba06e29433b1d8d3a5e75a157d1a19f6" semantic_name="run" supertype="Primary ETL" sratoolkit="1"><Alternatives url="https://sra-download.ncbi.nlm.nih.gov/traces/sra74/SRR/011292/SRR11563867" free_egress="worldwide" access_type="anonymous" org="NCBI"/><Alternatives url="s3://sra-pub-run-6/SRR11563867/SRR11563867.2" free_egress="s3.us-east-1" access_type="aws identity" org="AWS"/><Alternatives url="gs://sra-pub-run-1/SRR11563867/SRR11563867.2" free_egress="gs.US" access_type="gcp identity" org="GCP"/></SRAFile></SRAFiles><CloudFiles><CloudFile filetype="fastq" provider="gs" location="gs.US"/><CloudFile filetype="fastq" provider="s3" location="s3.us-east-1"/><CloudFile filetype="run" provider="gs" location="gs.US"/><CloudFile filetype="run" provider="s3" location="s3.us-east-1"/></CloudFiles><Statistics nreads="2" nspots="842821"><Read index="0" count="842821" average="89.02" stdev="13.76"/><Read index="1" count="842821" average="88.94" stdev="13.82"/></Statistics><Databases><Database><Table name="SEQUENCE"><Statistics source="meta"><Rows count="842821"/><Elements count="149995331"/></Statistics></Table></Database></Databases><Bases cs_native="false" count="149995331"><Base value="A" count="46202413"/><Base value="C" count="28731700"/><Base value="G" count="28586840"/><Base value="T" count="46474373"/><Base value="N" count="5"/></Bases></RUN></RUN_SET></EXPERIMENT_PACKAGE>
</EXPERIMENT_PACKAGE_SET>
