<?xml version="1.0"  ?>
<EXPERIMENT_PACKAGE_SET>
<EXPERIMENT_PACKAGE><EXPERIMENT accession="SRX7852917" alias="WA4_UW2"><IDENTIFIERS><PRIMARY_ID>SRX7852917</PRIMARY_ID></IDENTIFIERS><TITLE>RNA-Seq of Severe acute respiratory syndrome coronavirus 2</TITLE><STUDY_REF accession="SRP251618"><IDENTIFIERS><PRIMARY_ID>SRP251618</PRIMARY_ID></IDENTIFIERS></STUDY_REF><DESIGN><DESIGN_DESCRIPTION>random hexamer first and second strand synthesis followed by Nextera XT</DESIGN_DESCRIPTION><SAMPLE_DESCRIPTOR accession="SRS6262460"><IDENTIFIERS><PRIMARY_ID>SRS6262460</PRIMARY_ID></IDENTIFIERS></SAMPLE_DESCRIPTOR><LIBRARY_DESCRIPTOR><LIBRARY_NAME>WA4_UW2</LIBRARY_NAME><LIBRARY_STRATEGY>RNA-Seq</LIBRARY_STRATEGY><LIBRARY_SOURCE>VIRAL RNA</LIBRARY_SOURCE><LIBRARY_SELECTION>unspecified</LIBRARY_SELECTION><LIBRARY_LAYOUT><SINGLE/></LIBRARY_LAYOUT></LIBRARY_DESCRIPTOR></DESIGN><PLATFORM><ILLUMINA><INSTRUMENT_MODEL>Illumina MiSeq</INSTRUMENT_MODEL></ILLUMINA></PLATFORM></EXPERIMENT><SUBMISSION lab_name="Laboratory Medicine, Virology" center_name="UNIVERSITY OF WASHINGTON" accession="SRA1051177" alias="SUB7096874"><IDENTIFIERS><PRIMARY_ID>SRA1051177</PRIMARY_ID></IDENTIFIERS></SUBMISSION><Organization type="institute"><Name>UNIVERSITY OF WASHINGTON</Name><Address postal_code="98102"><Department>Laboratory Medicine, Virology</Department><Institution>UNIVERSITY OF WASHINGTON</Institution><Street>1616 Eastlake ave</Street><City>seattle</City><Sub>wa</Sub><Country>United States of America</Country></Address><Contact email="proychou@uw.edu"><Address postal_code="98102"><Department>Laboratory Medicine, Virology</Department><Institution>UNIVERSITY OF WASHINGTON</Institution><Street>1616 Eastlake ave</Street><City>seattle</City><Sub>wa</Sub><Country>United States of America</Country></Address><Name><First>Pavitra</First><Last>Roychoudhury</Last></Name></Contact></Organization><STUDY center_name="BioProject" alias="PRJNA610428" accession="SRP251618"><IDENTIFIERS><PRIMARY_ID>SRP251618</PRIMARY_ID><EXTERNAL_ID namespace="BioProject" label="primary">PRJNA610428</EXTERNAL_ID></IDENTIFIERS><DESCRIPTOR><STUDY_TITLE>Washington SARS-CoV-2 isolate sequences</STUDY_TITLE><STUDY_TYPE existing_study_type="Other"/><STUDY_ABSTRACT>Isolate raw read files from the Washington SARS-CoV-2 outbreak</STUDY_ABSTRACT></DESCRIPTOR></STUDY><SAMPLE alias="WA4_UW2" accession="SRS6262460"><IDENTIFIERS><PRIMARY_ID>SRS6262460</PRIMARY_ID><EXTERNAL_ID namespace="BioSample">SAMN14297848</EXTERNAL_ID></IDENTIFIERS><SAMPLE_NAME><TAXON_ID>2697049</TAXON_ID><SCIENTIFIC_NAME>Severe acute respiratory syndrome coronavirus 2</SCIENTIFIC_NAME></SAMPLE_NAME><SAMPLE_LINKS><SAMPLE_LINK><XREF_LINK><DB>bioproject</DB><ID>610428</ID><LABEL>PRJNA610428</LABEL></XREF_LINK></SAMPLE_LINK></SAMPLE_LINKS><SAMPLE_ATTRIBUTES><SAMPLE_ATTRIBUTE><TAG>strain</TAG><VALUE>SARS-CoV-2</VALUE></SAMPLE_ATTRIBUTE><SAMPLE_ATTRIBUTE><TAG>collected_by</TAG><VALUE>University of Washington Medical Center department of Laboratory Medicine, Virology</VALUE></SAMPLE_ATTRIBUTE><SAMPLE_ATTRIBUTE><TAG>collection_date</TAG><VALUE>28-Feb-2020</VALUE></SAMPLE_ATTRIBUTE><SAMPLE_ATTRIBUTE><TAG>geo_loc_name</TAG><VALUE>USA: Seattle, WA</VALUE></SAMPLE_ATTRIBUTE><SAMPLE_ATTRIBUTE><TAG>host</TAG><VALUE>Homo sapiens</VALUE></SAMPLE_ATTRIBUTE><SAMPLE_ATTRIBUTE><TAG>host_disease</TAG><VALUE>COVID-19</VALUE></SAMPLE_ATTRIBUTE><SAMPLE_ATTRIBUTE><TAG>isolation_source</TAG><VALUE>Seattle, WA</VALUE></SAMPLE_ATTRIBUTE><SAMPLE_ATTRIBUTE><TAG>lat_lon</TAG><VALUE>missing</VALUE></SAMPLE_ATTRIBUTE><SAMPLE_ATTRIBUTE><TAG>BioSampleModel</TAG><VALUE>Pathogen.cl</VALUE></SAMPLE_ATTRIBUTE></SAMPLE_ATTRIBUTES></SAMPLE><Pool><Member member_name="" accession="SRS6262460" sample_name="WA4_UW2" spots="123353" bases="22252301" tax_id="2697049" organism="Severe acute respiratory syndrome coronavirus 2"><IDENTIFIERS><PRIMARY_ID>SRS6262460</PRIMARY_ID><EXTERNAL_ID namespace="BioSample">SAMN14297848</EXTERNAL_ID></IDENTIFIERS></Member></Pool><RUN_SET><RUN accession="SRR11241255" alias="WA4-UW2Unpaired.fastq.gz" total_spots="123353" total_bases="22252301" size="4854747" load_done="true" published="2020-03-04 22:12:12" is_public="true" cluster_name="public" static_data_available="1"><IDENTIFIERS><PRIMARY_ID>SRR11241255</PRIMARY_ID></IDENTIFIERS><EXPERIMENT_REF accession="SRX7852917"><IDENTIFIERS/></EXPERIMENT_REF><Pool><Member member_name="" accession="SRS6262460" sample_name="WA4_UW2" spots="123353" bases="22252301" tax_id="2697049" organism="Severe acute respiratory syndrome coronavirus 2"><IDENTIFIERS><PRIMARY_ID>SRS6262460</PRIMARY_ID><EXTERNAL_ID namespace="BioSample">SAMN14297848</EXTERNAL_ID></IDENTIFIERS></Member></Pool><SRAFiles><SRAFile cluster="public" size="3933996" date="2020-03-04 22:11:10" md5="a440edb46473472faf4fc042ffee4688" semantic_name="fastq" supertype="Original" sratoolkit="0"><Alternatives url="s3://sra-pub-src-6/SRR11241255/WA4-UW2Unpaired.fastq.gz.1" free_egress="s3.us-east-1" access_type="aws identity" org="AWS"/><Alternatives url="gs://sra-pub-src-6/SRR11241255/WA4-UW2Unpaired.fastq.gz.1" free_egress="gs.US" access_type="gcp identity" org="GCP"/></SRAFile><SRAFile cluster="public" filename="SRR11241255" url="https://sra-download.ncbi.nlm.nih.gov/traces/sra0/SRR/010977/SRR11241255" size="4856270" date="2020-03-04 22:11:17" md5="888235aa89aa1feb63e5cf77775b6195" semantic_name="run" supertype="Primary ETL" sratoolkit="1"><Alternatives url="https://sra-download.ncbi.nlm.nih.gov/traces/sra0/SRR/010977/SRR11241255" free_egress="worldwide" access_type="anonymous" org="NCBI"/><Alternatives url="s3://sra-pub-run-9/SRR11241255/SRR11241255.1" free_egress="s3.us-east-1" access_type="aws identity" org="AWS"/><Alternatives url="gs://sra-pub-run-8/SRR11241255/SRR11241255.1" free_egress="gs.US" access_type="gcp identity" org="GCP"/></SRAFile></SRAFiles><CloudFiles><CloudFile filetype="fastq" provider="gs" location="gs.US"/><CloudFile filetype="fastq" provider="s3" location="s3.us-east-1"/><CloudFile filetype="run" provider="gs" location="gs.US"/><CloudFile filetype="run" provider="s3" location="s3.us-east-1"/></CloudFiles><Statistics nreads="2" nspots="123353"><Read index="0" count="123353" average="180.40" stdev="24.50"/><Read index="1" count="0" average="0" stdev="0"/></Statistics><Databases><Database><Table name="SEQUENCE"><Statistics source="meta"><Rows count="123353"/><Elements count="22252301"/></Statistics></Table></Database></Databases><Bases cs_native="false" count="22252301"><Base value="A" count="6681056"/><Base value="C" count="4084957"/><Base value="G" count="4355005"/><Base value="T" count="7131283"/><Base value="N" count="0"/></Bases></RUN></RUN_SET></EXPERIMENT_PACKAGE>
</EXPERIMENT_PACKAGE_SET>
