<?xml version="1.0"  ?>
<EXPERIMENT_PACKAGE_SET>
<EXPERIMENT_PACKAGE><EXPERIMENT accession="SRX8052683" alias="SEQ2853"><IDENTIFIERS><PRIMARY_ID>SRX8052683</PRIMARY_ID></IDENTIFIERS><TITLE>Multiplex amplicon sequencing of SARS-CoV-2_WA1-A12: N2 Ct35.6 Illumina</TITLE><STUDY_REF accession="SRP255151"><IDENTIFIERS><PRIMARY_ID>SRP255151</PRIMARY_ID><EXTERNAL_ID namespace="BioProject">PRJNA622817</EXTERNAL_ID></IDENTIFIERS></STUDY_REF><DESIGN><DESIGN_DESCRIPTION>N2 C t22.3, Multiplex PCR (v2), NEBNext Ultra II, MiSeq v3 2x300</DESIGN_DESCRIPTION><SAMPLE_DESCRIPTOR accession="SRS6422657"><IDENTIFIERS><PRIMARY_ID>SRS6422657</PRIMARY_ID><EXTERNAL_ID namespace="BioSample">SAMN14530228</EXTERNAL_ID></IDENTIFIERS></SAMPLE_DESCRIPTOR><LIBRARY_DESCRIPTOR><LIBRARY_NAME>SEQ2853</LIBRARY_NAME><LIBRARY_STRATEGY>AMPLICON</LIBRARY_STRATEGY><LIBRARY_SOURCE>VIRAL RNA</LIBRARY_SOURCE><LIBRARY_SELECTION>RT-PCR</LIBRARY_SELECTION><LIBRARY_LAYOUT><PAIRED/></LIBRARY_LAYOUT></LIBRARY_DESCRIPTOR></DESIGN><PLATFORM><ILLUMINA><INSTRUMENT_MODEL>Illumina MiSeq</INSTRUMENT_MODEL></ILLUMINA></PLATFORM></EXPERIMENT><SUBMISSION lab_name="Division of Viral Diseases" center_name="CDC-PDD" accession="SRA1062089" alias="SUB7235467"><IDENTIFIERS><PRIMARY_ID>SRA1062089</PRIMARY_ID></IDENTIFIERS></SUBMISSION><Organization type="institute" org_id="1633" url="https://www.cdc.gov"><Name abbr="CDC-PDD">CDC Pathogen Discovery Team</Name><Address postal_code="30329"><Department>Division of Viral Diseases</Department><Institution>CDC Pathogen Discovery Team</Institution><Street>1600 Clifton Road</Street><City>Atlanta</City><Sub>GA</Sub><Country>United States of America</Country></Address><Contact email="fep2@cdc.gov"><Name><First>Clinton</First><Last>Paden</Last></Name></Contact></Organization><STUDY center_name="BioProject" alias="PRJNA622817" accession="SRP255151"><IDENTIFIERS><PRIMARY_ID>SRP255151</PRIMARY_ID><EXTERNAL_ID namespace="BioProject" label="primary">PRJNA622817</EXTERNAL_ID></IDENTIFIERS><DESCRIPTOR><STUDY_TITLE>Severe acute respiratory syndrome coronavirus 2 Raw sequence reads</STUDY_TITLE><STUDY_TYPE existing_study_type="Other"/><STUDY_ABSTRACT>SARS-CoV-2 isolates generated at CDC</STUDY_ABSTRACT><CENTER_PROJECT_NAME>Severe acute respiratory syndrome coronavirus 2</CENTER_PROJECT_NAME></DESCRIPTOR><STUDY_LINKS><STUDY_LINK><XREF_LINK><DB>pubmed</DB><ID>32160149</ID></XREF_LINK></STUDY_LINK></STUDY_LINKS></STUDY><SAMPLE alias="P200013" accession="SRS6422657"><IDENTIFIERS><PRIMARY_ID>SRS6422657</PRIMARY_ID><EXTERNAL_ID namespace="BioSample">SAMN14530228</EXTERNAL_ID></IDENTIFIERS><TITLE>WA1-A12</TITLE><SAMPLE_NAME><TAXON_ID>2697049</TAXON_ID><SCIENTIFIC_NAME>Severe acute respiratory syndrome coronavirus 2</SCIENTIFIC_NAME></SAMPLE_NAME><DESCRIPTION>MT020880, Passaged on Vero E6</DESCRIPTION><SAMPLE_LINKS><SAMPLE_LINK><XREF_LINK><DB>bioproject</DB><ID>622817</ID><LABEL>PRJNA622817</LABEL></XREF_LINK></SAMPLE_LINK></SAMPLE_LINKS><SAMPLE_ATTRIBUTES><SAMPLE_ATTRIBUTE><TAG>strain</TAG><VALUE>not applicable</VALUE></SAMPLE_ATTRIBUTE><SAMPLE_ATTRIBUTE><TAG>isolate</TAG><VALUE>A12</VALUE></SAMPLE_ATTRIBUTE><SAMPLE_ATTRIBUTE><TAG>collected_by</TAG><VALUE>Washington State</VALUE></SAMPLE_ATTRIBUTE><SAMPLE_ATTRIBUTE><TAG>collection_date</TAG><VALUE>2019-01-19</VALUE></SAMPLE_ATTRIBUTE><SAMPLE_ATTRIBUTE><TAG>geo_loc_name</TAG><VALUE>USA: Washington</VALUE></SAMPLE_ATTRIBUTE><SAMPLE_ATTRIBUTE><TAG>host</TAG><VALUE>Homo sapiens</VALUE></SAMPLE_ATTRIBUTE><SAMPLE_ATTRIBUTE><TAG>host_disease</TAG><VALUE>COVID-19</VALUE></SAMPLE_ATTRIBUTE><SAMPLE_ATTRIBUTE><TAG>isolation_source</TAG><VALUE>human</VALUE></SAMPLE_ATTRIBUTE><SAMPLE_ATTRIBUTE><TAG>lat_lon</TAG><VALUE>47.75 N 122.37 W</VALUE></SAMPLE_ATTRIBUTE><SAMPLE_ATTRIBUTE><TAG>host_tissue_sampled</TAG><VALUE>nasopharynx</VALUE></SAMPLE_ATTRIBUTE><SAMPLE_ATTRIBUTE><TAG>passage_history</TAG><VALUE>P1</VALUE></SAMPLE_ATTRIBUTE><SAMPLE_ATTRIBUTE><TAG>BioSampleModel</TAG><VALUE>Pathogen.cl</VALUE></SAMPLE_ATTRIBUTE></SAMPLE_ATTRIBUTES></SAMPLE><Pool><Member member_name="" accession="SRS6422657" sample_name="P200013" sample_title="WA1-A12" spots="1302265" bases="746925799" tax_id="2697049" organism="Severe acute respiratory syndrome coronavirus 2"><IDENTIFIERS><PRIMARY_ID>SRS6422657</PRIMARY_ID><EXTERNAL_ID namespace="BioSample">SAMN14530228</EXTERNAL_ID></IDENTIFIERS></Member></Pool><RUN_SET><RUN accession="SRR11476460" alias="nCoV-WA-A12-Lib3-5-20-5b_S11_L001_R1_001.fastq.gz" total_spots="1302265" total_bases="746925799" size="409289320" load_done="true" published="2020-04-05 04:27:44" is_public="true" cluster_name="public" static_data_available="1"><IDENTIFIERS><PRIMARY_ID>SRR11476460</PRIMARY_ID></IDENTIFIERS><EXPERIMENT_REF accession="SRX8052683"><IDENTIFIERS/></EXPERIMENT_REF><Pool><Member member_name="" accession="SRS6422657" sample_name="P200013" sample_title="WA1-A12" spots="1302265" bases="746925799" tax_id="2697049" organism="Severe acute respiratory syndrome coronavirus 2"><IDENTIFIERS><PRIMARY_ID>SRS6422657</PRIMARY_ID><EXTERNAL_ID namespace="BioSample">SAMN14530228</EXTERNAL_ID></IDENTIFIERS></Member></Pool><SRAFiles><SRAFile cluster="public" size="277103048" date="2020-04-05 03:51:19" md5="d2d37ba825d79a2e505dd6d6b06e55d6" semantic_name="fastq" supertype="Original" sratoolkit="0"><Alternatives url="s3://sra-pub-src-6/SRR11476460/nCoV-WA-A12-Lib3-5-20-5b_S11_L001_R1_001.fastq.gz.1" free_egress="s3.us-east-1" access_type="aws identity" org="AWS"/><Alternatives url="gs://sra-pub-src-6/SRR11476460/nCoV-WA-A12-Lib3-5-20-5b_S11_L001_R1_001.fastq.gz.1" free_egress="gs.US" access_type="gcp identity" org="GCP"/></SRAFile><SRAFile cluster="public" size="303228839" date="2020-04-05 04:12:49" md5="522a601f4f546573cdbcd97277ca970d" semantic_name="fastq" supertype="Original" sratoolkit="0"><Alternatives url="s3://sra-pub-src-6/SRR11476460/nCoV-WA-A12-Lib3-5-20-5b_S11_L001_R2_001.fastq.gz.1" free_egress="s3.us-east-1" access_type="aws identity" org="AWS"/><Alternatives url="gs://sra-pub-src-6/SRR11476460/nCoV-WA-A12-Lib3-5-20-5b_S11_L001_R2_001.fastq.gz.1" free_egress="gs.US" access_type="gcp identity" org="GCP"/></SRAFile><SRAFile cluster="public" filename="SRR11476460" url="https://sra-download.ncbi.nlm.nih.gov/traces/sra60/SRR/011207/SRR11476460" size="409291137" date="2020-04-05 04:21:49" md5="01c32022b6736ff62bd50192a3ce09b0" semantic_name="run" supertype="Primary ETL" sratoolkit="1"><Alternatives url="https://sra-download.ncbi.nlm.nih.gov/traces/sra60/SRR/011207/SRR11476460" free_egress="worldwide" access_type="anonymous" org="NCBI"/><Alternatives url="s3://sra-pub-run-8/SRR11476460/SRR11476460.1" free_egress="s3.us-east-1" access_type="aws identity" org="AWS"/><Alternatives url="gs://sra-pub-run-9/SRR11476460/SRR11476460.1" free_egress="gs.US" access_type="gcp identity" org="GCP"/></SRAFile></SRAFiles><CloudFiles><CloudFile filetype="fastq" provider="gs" location="gs.US"/><CloudFile filetype="fastq" provider="s3" location="s3.us-east-1"/><CloudFile filetype="run" provider="gs" location="gs.US"/><CloudFile filetype="run" provider="s3" location="s3.us-east-1"/></CloudFiles><Statistics nreads="2" nspots="1302265"><Read index="0" count="1302265" average="285.82" stdev="45.90"/><Read index="1" count="1302265" average="287.74" stdev="45.01"/></Statistics><Databases><Database><Table name="SEQUENCE"><Statistics source="meta"><Rows count="1302265"/><Elements count="746925799"/></Statistics></Table></Database></Databases><Bases cs_native="false" count="746925799"><Base value="A" count="197313248"/><Base value="C" count="176084198"/><Base value="G" count="173549316"/><Base value="T" count="199969477"/><Base value="N" count="9560"/></Bases></RUN></RUN_SET></EXPERIMENT_PACKAGE>
</EXPERIMENT_PACKAGE_SET>
