<?xml version="1.0"  ?>
<EXPERIMENT_PACKAGE_SET>
<EXPERIMENT_PACKAGE><EXPERIMENT accession="SRX8070499" alias="VIC265_illumina"><IDENTIFIERS><PRIMARY_ID>SRX8070499</PRIMARY_ID></IDENTIFIERS><TITLE>Severe acute respiratory syndrome coronavirus 2</TITLE><STUDY_REF accession="SRP253798"><IDENTIFIERS><PRIMARY_ID>SRP253798</PRIMARY_ID><EXTERNAL_ID namespace="BioProject">PRJNA613958</EXTERNAL_ID></IDENTIFIERS></STUDY_REF><DESIGN><DESIGN_DESCRIPTION>ARTIC V1 amplicons, Nextera XT library, minimap2 v2.17, ivar v1.1, samtools v1.10.  Using minimap2, short reads mapped to SARS-CoV-2 NCBI accession MN908947.3. Using samtools, proper_pairs (samflag 2) mapping to MN908947.3 retained, unmapped reads (samflag 4) discarded (to filter out non-SARS-CoV-2 cDNA). Filtered reads submitted to NCBI</DESIGN_DESCRIPTION><SAMPLE_DESCRIPTOR accession="SRS6439083"><IDENTIFIERS><PRIMARY_ID>SRS6439083</PRIMARY_ID><EXTERNAL_ID namespace="BioSample">SAMN14546778</EXTERNAL_ID></IDENTIFIERS></SAMPLE_DESCRIPTOR><LIBRARY_DESCRIPTOR><LIBRARY_NAME>VIC265_illumina</LIBRARY_NAME><LIBRARY_STRATEGY>AMPLICON</LIBRARY_STRATEGY><LIBRARY_SOURCE>VIRAL RNA</LIBRARY_SOURCE><LIBRARY_SELECTION>PCR</LIBRARY_SELECTION><LIBRARY_LAYOUT><PAIRED/></LIBRARY_LAYOUT></LIBRARY_DESCRIPTOR></DESIGN><PLATFORM><ILLUMINA><INSTRUMENT_MODEL>NextSeq 550</INSTRUMENT_MODEL></ILLUMINA></PLATFORM></EXPERIMENT><SUBMISSION lab_name="Microbiology and Immunology" center_name="The Peter Doherty Institute for Infection and Immunity" accession="SRA1063284" alias="SUB7250503"><IDENTIFIERS><PRIMARY_ID>SRA1063284</PRIMARY_ID></IDENTIFIERS></SUBMISSION><Organization type="institute" url="https://www.doherty.edu.au/"><Name>The Peter Doherty Institute for Infection and Immunity</Name><Address postal_code="3000"><Department>MDU-PHL</Department><Institution>The Peter Doherty Institute for Infection and Immunity</Institution><Street>792 Elizabeth Street</Street><City>Melbourne</City><Sub>Vic</Sub><Country>Australia</Country></Address><Contact email="mark.schultz@unimelb.edu.au" sec_email="dr.mark.schultz@gmail.com"><Address postal_code="3000"><Department>MDU-PHL</Department><Institution>The Peter Doherty Institute for Infection and Immunity</Institution><Street>792 Elizabeth Street</Street><City>Melbourne</City><Sub>Vic</Sub><Country>Australia</Country></Address><Name><First>Mark</First><Last>Schultz</Last><Middle>Barry</Middle></Name></Contact></Organization><STUDY center_name="BioProject" alias="PRJNA613958" accession="SRP253798"><IDENTIFIERS><PRIMARY_ID>SRP253798</PRIMARY_ID><EXTERNAL_ID namespace="BioProject" label="primary">PRJNA613958</EXTERNAL_ID></IDENTIFIERS><DESCRIPTOR><STUDY_TITLE>Severe acute respiratory syndrome coronavirus 2 Raw sequence reads</STUDY_TITLE><STUDY_TYPE existing_study_type="Other"/><STUDY_ABSTRACT>Genomic sequence data of clinical SARS-CoV-2 samples from Victoria, Australia, 2020 onwards.</STUDY_ABSTRACT><CENTER_PROJECT_NAME>Severe acute respiratory syndrome coronavirus 2</CENTER_PROJECT_NAME></DESCRIPTOR></STUDY><SAMPLE alias="hCoV-19/Australia/VIC265/2020" accession="SRS6439083"><IDENTIFIERS><PRIMARY_ID>SRS6439083</PRIMARY_ID><EXTERNAL_ID namespace="BioSample">SAMN14546778</EXTERNAL_ID></IDENTIFIERS><TITLE>SARS-Cov-2 VIC265 (GISAID EPI_ISL_419958)</TITLE><SAMPLE_NAME><TAXON_ID>2697049</TAXON_ID><SCIENTIFIC_NAME>Severe acute respiratory syndrome coronavirus 2</SCIENTIFIC_NAME></SAMPLE_NAME><DESCRIPTION>EPI_ISL_419958</DESCRIPTION><SAMPLE_LINKS><SAMPLE_LINK><XREF_LINK><DB>bioproject</DB><ID>613958</ID><LABEL>PRJNA613958</LABEL></XREF_LINK></SAMPLE_LINK></SAMPLE_LINKS><SAMPLE_ATTRIBUTES><SAMPLE_ATTRIBUTE><TAG>isolate</TAG><VALUE>VIC265</VALUE></SAMPLE_ATTRIBUTE><SAMPLE_ATTRIBUTE><TAG>collected_by</TAG><VALUE>Victorian Infectious Diseases Reference Laboratory (VIDRL)</VALUE></SAMPLE_ATTRIBUTE><SAMPLE_ATTRIBUTE><TAG>collection_date</TAG><VALUE>2020-03-22</VALUE></SAMPLE_ATTRIBUTE><SAMPLE_ATTRIBUTE><TAG>geo_loc_name</TAG><VALUE>Australia: Victoria</VALUE></SAMPLE_ATTRIBUTE><SAMPLE_ATTRIBUTE><TAG>host</TAG><VALUE>Homo sapiens</VALUE></SAMPLE_ATTRIBUTE><SAMPLE_ATTRIBUTE><TAG>host_disease</TAG><VALUE>COVID-19</VALUE></SAMPLE_ATTRIBUTE><SAMPLE_ATTRIBUTE><TAG>isolation_source</TAG><VALUE>missing</VALUE></SAMPLE_ATTRIBUTE><SAMPLE_ATTRIBUTE><TAG>lat_lon</TAG><VALUE>missing</VALUE></SAMPLE_ATTRIBUTE><SAMPLE_ATTRIBUTE><TAG>host_age</TAG><VALUE>55</VALUE></SAMPLE_ATTRIBUTE><SAMPLE_ATTRIBUTE><TAG>host_sex</TAG><VALUE>male</VALUE></SAMPLE_ATTRIBUTE><SAMPLE_ATTRIBUTE><TAG>passage_history</TAG><VALUE>Original</VALUE></SAMPLE_ATTRIBUTE><SAMPLE_ATTRIBUTE><TAG>BioSampleModel</TAG><VALUE>Pathogen.cl</VALUE></SAMPLE_ATTRIBUTE></SAMPLE_ATTRIBUTES></SAMPLE><Pool><Member member_name="" accession="SRS6439083" sample_name="hCoV-19/Australia/VIC265/2020" sample_title="SARS-Cov-2 VIC265 (GISAID EPI_ISL_419958)" spots="383985" bases="113103297" tax_id="2697049" organism="Severe acute respiratory syndrome coronavirus 2"><IDENTIFIERS><PRIMARY_ID>SRS6439083</PRIMARY_ID><EXTERNAL_ID namespace="BioSample">SAMN14546778</EXTERNAL_ID></IDENTIFIERS></Member></Pool><RUN_SET><RUN accession="SRR11494696" alias="VIC265_R1.fq.gz" total_spots="383985" total_bases="113103297" size="50840967" load_done="true" published="2020-04-08 03:05:12" is_public="true" cluster_name="public" static_data_available="1"><IDENTIFIERS><PRIMARY_ID>SRR11494696</PRIMARY_ID></IDENTIFIERS><EXPERIMENT_REF accession="SRX8070499"><IDENTIFIERS/></EXPERIMENT_REF><RUN_ATTRIBUTES><RUN_ATTRIBUTE><TAG>loader</TAG><VALUE>fastq-load.py</VALUE></RUN_ATTRIBUTE></RUN_ATTRIBUTES><Pool><Member member_name="" accession="SRS6439083" sample_name="hCoV-19/Australia/VIC265/2020" sample_title="SARS-Cov-2 VIC265 (GISAID EPI_ISL_419958)" spots="383985" bases="113103297" tax_id="2697049" organism="Severe acute respiratory syndrome coronavirus 2"><IDENTIFIERS><PRIMARY_ID>SRS6439083</PRIMARY_ID><EXTERNAL_ID namespace="BioSample">SAMN14546778</EXTERNAL_ID></IDENTIFIERS></Member></Pool><SRAFiles><SRAFile cluster="public" size="131178064" date="2020-04-12 19:15:20" md5="ea943349316ace4ac643d240e4fcef1d" semantic_name="fastq" supertype="Original" sratoolkit="0"><Alternatives url="s3://sra-pub-src-8/SRR11494696/VIC265_R1.fq.1" free_egress="s3.us-east-1" access_type="aws identity" org="AWS"/><Alternatives url="gs://sra-pub-src-8/SRR11494696/VIC265_R1.fq.1" free_egress="gs.US" access_type="gcp identity" org="GCP"/></SRAFile><SRAFile cluster="public" size="131272114" date="2020-04-12 19:45:06" md5="ed5518a3f94c03f6527a6d4bc3b28e35" semantic_name="fastq" supertype="Original" sratoolkit="0"><Alternatives url="s3://sra-pub-src-8/SRR11494696/VIC265_R2.fq.1" free_egress="s3.us-east-1" access_type="aws identity" org="AWS"/><Alternatives url="gs://sra-pub-src-8/SRR11494696/VIC265_R2.fq.1" free_egress="gs.US" access_type="gcp identity" org="GCP"/></SRAFile><SRAFile cluster="public" filename="SRR11494696" url="https://sra-download.ncbi.nlm.nih.gov/traces/sra62/SRR/011225/SRR11494696" size="50842891" date="2020-04-12 19:50:17" md5="5fdcc194b383e5bdaa7176be1fc8d400" semantic_name="run" supertype="Primary ETL" sratoolkit="1"><Alternatives url="https://sra-download.ncbi.nlm.nih.gov/traces/sra62/SRR/011225/SRR11494696" free_egress="worldwide" access_type="anonymous" org="NCBI"/><Alternatives url="s3://sra-pub-run-5/SRR11494696/SRR11494696.2" free_egress="s3.us-east-1" access_type="aws identity" org="AWS"/><Alternatives url="gs://sra-pub-run-6/SRR11494696/SRR11494696.2" free_egress="gs.US" access_type="gcp identity" org="GCP"/></SRAFile></SRAFiles><CloudFiles><CloudFile filetype="fastq" provider="gs" location="gs.US"/><CloudFile filetype="fastq" provider="s3" location="s3.us-east-1"/><CloudFile filetype="run" provider="gs" location="gs.US"/><CloudFile filetype="run" provider="s3" location="s3.us-east-1"/></CloudFiles><Statistics nreads="2" nspots="383985"><Read index="0" count="383985" average="147.21" stdev="13.79"/><Read index="1" count="383985" average="147.34" stdev="13.76"/></Statistics><Databases><Database><Table name="SEQUENCE"><Statistics source="meta"><Rows count="383985"/><Elements count="113103297"/></Statistics></Table></Database></Databases><Bases cs_native="false" count="113103297"><Base value="A" count="34861389"/><Base value="C" count="21460484"/><Base value="G" count="21614538"/><Base value="T" count="35137591"/><Base value="N" count="29295"/></Bases></RUN></RUN_SET></EXPERIMENT_PACKAGE>
</EXPERIMENT_PACKAGE_SET>
