<?xml version="1.0"  ?>
<EXPERIMENT_PACKAGE_SET>
<EXPERIMENT_PACKAGE><EXPERIMENT accession="SRX7798477" alias="EPI_ISL_410301"><IDENTIFIERS><PRIMARY_ID>SRX7798477</PRIMARY_ID></IDENTIFIERS><TITLE>RNA-Seq of Severe acute respiratory syndrome coronavirus 2: adult male throat swab</TITLE><STUDY_REF accession="SRP250653"><IDENTIFIERS><PRIMARY_ID>SRP250653</PRIMARY_ID></IDENTIFIERS></STUDY_REF><DESIGN><DESIGN_DESCRIPTION>Sequencing was done using the Illumina Miseq with the assembly method BWA-mem 0.7.5a-r405. The full genome was amplified directly from the RNA extract from the original specimen using gene-specific primers to produce overlapping PCR products covering the full genome. The raw reads were first cleaned by trimming low-quality bases with Trimmomatic-0.36 (-phred33 LEADING:20 TRAILING:20 SLIDINGWINDOW:4:20 MINLEN:40). Both de novo assembly using MEGAHIT-1.2.9 and reference assembly using BWA-mem 0.7.5a-r405 were performed in this study to generate the consensus sequence. The reference sequence we used was from GISAID (EPI_ISL_405839). The reads from the reference assembly were then curated in a pileup alignment file to obtain the consensus sequence (minimum coverage threshold: 10). FastQC v0.11.8 was used assessing the sequence quality before trimming and after alignment to prevent potential error. There were 5246584*2 pair-end sequences of the raw data. 9891431 records were included in the reference-based alignment after trimming, and 9887093 (99.96%) of them were mapped to the SARS-CoV-2 reference genome.</DESIGN_DESCRIPTION><SAMPLE_DESCRIPTOR accession="SRS6213494"><IDENTIFIERS><PRIMARY_ID>SRS6213494</PRIMARY_ID></IDENTIFIERS></SAMPLE_DESCRIPTOR><LIBRARY_DESCRIPTOR><LIBRARY_NAME>EPI_ISL_410301</LIBRARY_NAME><LIBRARY_STRATEGY>RNA-Seq</LIBRARY_STRATEGY><LIBRARY_SOURCE>GENOMIC</LIBRARY_SOURCE><LIBRARY_SELECTION>RT-PCR</LIBRARY_SELECTION><LIBRARY_LAYOUT><PAIRED/></LIBRARY_LAYOUT></LIBRARY_DESCRIPTOR></DESIGN><PLATFORM><ILLUMINA><INSTRUMENT_MODEL>Illumina MiSeq</INSTRUMENT_MODEL></ILLUMINA></PLATFORM></EXPERIMENT><SUBMISSION lab_name="Public Health and Infection Research Group" center_name="Universidad Tecnologica de Pereira" accession="SRA1047882" alias="SUB7032877"><IDENTIFIERS><PRIMARY_ID>SRA1047882</PRIMARY_ID></IDENTIFIERS></SUBMISSION><Organization type="institute" url="http://www.utp.edu.co"><Name>Universidad Tecnologica de Pereira</Name><Address postal_code="660001"><Department>Public Health and Infection Research Group</Department><Institution>Universidad Tecnologica de Pereira</Institution><Street>La Julita</Street><City>Pereira</City><Sub>Risaralda</Sub><Country>Colombia</Country></Address><Contact email="alfonso.rodriguez@uam.edu.co" sec_email="arodriguezm@utp.edu.co"><Address postal_code="660001"><Department>Public Health and Infection Research Group</Department><Institution>Universidad Tecnologica de Pereira</Institution><Street>La Julita</Street><City>Pereira</City><Sub>Risaralda</Sub><Country>Colombia</Country></Address><Name><First>Alfonso</First><Last>Rodriguez</Last><Middle>J.</Middle></Name></Contact></Organization><STUDY center_name="BioProject" alias="PRJNA608651" accession="SRP250653"><IDENTIFIERS><PRIMARY_ID>SRP250653</PRIMARY_ID><EXTERNAL_ID namespace="BioProject" label="primary">PRJNA608651</EXTERNAL_ID></IDENTIFIERS><DESCRIPTOR><STUDY_TITLE>Raw reads and sequence alignment of the complete genome of the first case of SARS-CoV-2 in Nepal</STUDY_TITLE><STUDY_TYPE existing_study_type="Other"/><STUDY_ABSTRACT>This SRA is related to the already online posted complete genome sequence of the first case of SARS-CoV-2 in Nepal. Accession Number MT072688https://www.ncbi.nlm.nih.gov/nuccore/MT072688Now we want to make publicly available the SRA.The clinical case of the isolate, has been published at Lancet Infect Dis. 2020 Feb 10. pii: S1473-3099(20)30067-0. doi: 10.1016/S1473-3099(20)30067-0. https://www.ncbi.nlm.nih.gov/pubmed/32057299</STUDY_ABSTRACT></DESCRIPTOR><STUDY_LINKS><STUDY_LINK><URL_LINK><LABEL>Severe acute respiratory syndrome coronavirus 2 isolate SARS0CoV-2/61-TW/human/2020/ NPL, complete genome</LABEL><URL>https://www.ncbi.nlm.nih.gov/nuccore/MT072688</URL></URL_LINK></STUDY_LINK><STUDY_LINK><URL_LINK><LABEL>The first 2019 novel coronavirus case in Nepal. Lancet Infect Dis. 2020 Feb 10. pii: S1473-3099(20)30067-0. doi: 10.1016/S1473-3099(20)30067-0.</LABEL><URL>https://www.ncbi.nlm.nih.gov/pubmed/32057299</URL></URL_LINK></STUDY_LINK></STUDY_LINKS></STUDY><SAMPLE alias="BetaCoV/Nepal/61/2020" accession="SRS6213494"><IDENTIFIERS><PRIMARY_ID>SRS6213494</PRIMARY_ID><EXTERNAL_ID namespace="BioSample">SAMN14180202</EXTERNAL_ID></IDENTIFIERS><TITLE>Complete genome of SARS-CoV-2 from Nepal</TITLE><SAMPLE_NAME><TAXON_ID>2697049</TAXON_ID><SCIENTIFIC_NAME>Severe acute respiratory syndrome coronavirus 2</SCIENTIFIC_NAME></SAMPLE_NAME><SAMPLE_LINKS><SAMPLE_LINK><XREF_LINK><DB>bioproject</DB><ID>608651</ID><LABEL>PRJNA608651</LABEL></XREF_LINK></SAMPLE_LINK></SAMPLE_LINKS><SAMPLE_ATTRIBUTES><SAMPLE_ATTRIBUTE><TAG>isolate</TAG><VALUE>SARS0CoV-2/61-TW/human/2020/ NPL</VALUE></SAMPLE_ATTRIBUTE><SAMPLE_ATTRIBUTE><TAG>collected_by</TAG><VALUE>National Influenza Centre, National Public health Laboratory, Kathmandu, Nepal</VALUE></SAMPLE_ATTRIBUTE><SAMPLE_ATTRIBUTE><TAG>collection_date</TAG><VALUE>13-Jan-2020</VALUE></SAMPLE_ATTRIBUTE><SAMPLE_ATTRIBUTE><TAG>geo_loc_name</TAG><VALUE>Nepal: Kathmandu</VALUE></SAMPLE_ATTRIBUTE><SAMPLE_ATTRIBUTE><TAG>host</TAG><VALUE>Homo sapiens</VALUE></SAMPLE_ATTRIBUTE><SAMPLE_ATTRIBUTE><TAG>host_disease</TAG><VALUE>COVID-19</VALUE></SAMPLE_ATTRIBUTE><SAMPLE_ATTRIBUTE><TAG>isolation_source</TAG><VALUE>Oro-pharyngeal swab</VALUE></SAMPLE_ATTRIBUTE><SAMPLE_ATTRIBUTE><TAG>lat_lon</TAG><VALUE>27.71 N 85.32 E</VALUE></SAMPLE_ATTRIBUTE><SAMPLE_ATTRIBUTE><TAG>host_age</TAG><VALUE>32</VALUE></SAMPLE_ATTRIBUTE><SAMPLE_ATTRIBUTE><TAG>host_disease_outcome</TAG><VALUE>Survived</VALUE></SAMPLE_ATTRIBUTE><SAMPLE_ATTRIBUTE><TAG>host_disease_stage</TAG><VALUE>Acute</VALUE></SAMPLE_ATTRIBUTE><SAMPLE_ATTRIBUTE><TAG>host_sex</TAG><VALUE>male</VALUE></SAMPLE_ATTRIBUTE><SAMPLE_ATTRIBUTE><TAG>BioSampleModel</TAG><VALUE>Pathogen.cl</VALUE></SAMPLE_ATTRIBUTE></SAMPLE_ATTRIBUTES></SAMPLE><Pool><Member member_name="" accession="SRS6213494" sample_name="BetaCoV/Nepal/61/2020" sample_title="Complete genome of SARS-CoV-2 from Nepal" spots="5246584" bases="2817120987" tax_id="2697049" organism="Severe acute respiratory syndrome coronavirus 2"><IDENTIFIERS><PRIMARY_ID>SRS6213494</PRIMARY_ID><EXTERNAL_ID namespace="BioSample">SAMN14180202</EXTERNAL_ID></IDENTIFIERS></Member></Pool><RUN_SET><RUN accession="SRR11177792" alias="WHV-Nepal-61-TW_1.fastq.gz" total_spots="5246584" total_bases="2817120987" size="1293360832" load_done="true" published="2020-02-25 09:00:40" is_public="true" cluster_name="public" static_data_available="1"><IDENTIFIERS><PRIMARY_ID>SRR11177792</PRIMARY_ID></IDENTIFIERS><EXPERIMENT_REF accession="SRX7798477"><IDENTIFIERS/></EXPERIMENT_REF><Pool><Member member_name="" accession="SRS6213494" sample_name="BetaCoV/Nepal/61/2020" sample_title="Complete genome of SARS-CoV-2 from Nepal" spots="5246584" bases="2817120987" tax_id="2697049" organism="Severe acute respiratory syndrome coronavirus 2"><IDENTIFIERS><PRIMARY_ID>SRS6213494</PRIMARY_ID><EXTERNAL_ID namespace="BioSample">SAMN14180202</EXTERNAL_ID></IDENTIFIERS></Member></Pool><SRAFiles><SRAFile cluster="public" size="941594015" date="2020-02-25 08:47:31" md5="e36c5e3c51e9a538bdd689b0e7b28a24" semantic_name="fastq" supertype="Original" sratoolkit="0"><Alternatives url="s3://sra-pub-src-5/SRR11177792/WHV-Nepal-61-TW_1.fastq.gz.1" free_egress="s3.us-east-1" access_type="aws identity" org="AWS"/><Alternatives url="gs://sra-pub-src-5/SRR11177792/WHV-Nepal-61-TW_1.fastq.gz.1" free_egress="gs.US" access_type="gcp identity" org="GCP"/></SRAFile><SRAFile cluster="public" size="1002748436" date="2020-02-25 08:47:13" md5="129f854f76fa025b102128a37e4129ee" semantic_name="fastq" supertype="Original" sratoolkit="0"><Alternatives url="s3://sra-pub-src-5/SRR11177792/WHV-Nepal-61-TW_2.fastq.gz.1" free_egress="s3.us-east-1" access_type="aws identity" org="AWS"/><Alternatives url="gs://sra-pub-src-5/SRR11177792/WHV-Nepal-61-TW_2.fastq.gz.1" free_egress="gs.US" access_type="gcp identity" org="GCP"/></SRAFile><SRAFile cluster="public" filename="SRR11177792" url="https://sra-download.ncbi.nlm.nih.gov/traces/sra3/SRR/010915/SRR11177792" size="1293362654" date="2020-02-25 08:48:27" md5="0ba738bc46a33ffadb0f497695b7fb30" semantic_name="run" supertype="Primary ETL" sratoolkit="1"><Alternatives url="https://sra-download.ncbi.nlm.nih.gov/traces/sra3/SRR/010915/SRR11177792" free_egress="worldwide" access_type="anonymous" org="NCBI"/><Alternatives url="s3://sra-pub-run-9/SRR11177792/SRR11177792.1" free_egress="s3.us-east-1" access_type="aws identity" org="AWS"/><Alternatives url="gs://sra-pub-run-8/SRR11177792/SRR11177792.1" free_egress="gs.US" access_type="gcp identity" org="GCP"/></SRAFile></SRAFiles><CloudFiles><CloudFile filetype="fastq" provider="gs" location="gs.US"/><CloudFile filetype="fastq" provider="s3" location="s3.us-east-1"/><CloudFile filetype="run" provider="gs" location="gs.US"/><CloudFile filetype="run" provider="s3" location="s3.us-east-1"/></CloudFiles><Statistics nreads="2" nspots="5246584"><Read index="0" count="5246584" average="268.47" stdev="53.60"/><Read index="1" count="5246584" average="268.47" stdev="53.65"/></Statistics><Databases><Database><Table name="SEQUENCE"><Statistics source="meta"><Rows count="5246584"/><Elements count="2817120987"/></Statistics></Table></Database></Databases><Bases cs_native="false" count="2817120987"><Base value="A" count="858224202"/><Base value="C" count="547006560"/><Base value="G" count="548711178"/><Base value="T" count="862363526"/><Base value="N" count="815521"/></Bases></RUN></RUN_SET></EXPERIMENT_PACKAGE>
</EXPERIMENT_PACKAGE_SET>
