<?xml version="1.0"  ?>
<EXPERIMENT_PACKAGE_SET>
<EXPERIMENT_PACKAGE><EXPERIMENT accession="SRX7571571" alias="wuhan2"><IDENTIFIERS><PRIMARY_ID>SRX7571571</PRIMARY_ID></IDENTIFIERS><TITLE>Total RNA sequencing of BALF (human reads removed)</TITLE><STUDY_REF accession="SRP242226"><IDENTIFIERS><PRIMARY_ID>SRP242226</PRIMARY_ID></IDENTIFIERS></STUDY_REF><DESIGN><DESIGN_DESCRIPTION>Low input total RNA library</DESIGN_DESCRIPTION><SAMPLE_DESCRIPTOR accession="SRS6007144"><IDENTIFIERS><PRIMARY_ID>SRS6007144</PRIMARY_ID></IDENTIFIERS></SAMPLE_DESCRIPTOR><LIBRARY_DESCRIPTOR><LIBRARY_NAME>wuhan2</LIBRARY_NAME><LIBRARY_STRATEGY>RNA-Seq</LIBRARY_STRATEGY><LIBRARY_SOURCE>METATRANSCRIPTOMIC</LIBRARY_SOURCE><LIBRARY_SELECTION>RANDOM</LIBRARY_SELECTION><LIBRARY_LAYOUT><PAIRED/></LIBRARY_LAYOUT></LIBRARY_DESCRIPTOR></DESIGN><PLATFORM><ILLUMINA><INSTRUMENT_MODEL>Illumina MiSeq</INSTRUMENT_MODEL></ILLUMINA></PLATFORM></EXPERIMENT><SUBMISSION lab_name="State Key Laboratory of Virology" center_name="Wuhan University" accession="SRA1027290" alias="SUB6852537"><IDENTIFIERS><PRIMARY_ID>SRA1027290</PRIMARY_ID></IDENTIFIERS></SUBMISSION><Organization type="institute"><Name>Wuhan University</Name><Address postal_code="430072"><Department>State Key Laboratory of Virology</Department><Institution>Wuhan University</Institution><Street>Bayi Road,Wuchang District</Street><City>Wuhan</City><Sub>Hubei</Sub><Country>China</Country></Address><Contact email="shim23@mail.sysu.edu.cn" sec_email="mang.shi@sydney.edu.au"><Address postal_code="430072"><Department>State Key Laboratory of Virology</Department><Institution>Wuhan University</Institution><Street>Bayi Road,Wuchang District</Street><City>Wuhan</City><Sub>Hubei</Sub><Country>China</Country></Address><Name><First>Mang</First><Last>Shi</Last></Name></Contact></Organization><STUDY center_name="BioProject" alias="PRJNA601736" accession="SRP242226"><IDENTIFIERS><PRIMARY_ID>SRP242226</PRIMARY_ID><EXTERNAL_ID namespace="BioProject" label="primary">PRJNA601736</EXTERNAL_ID></IDENTIFIERS><DESCRIPTOR><STUDY_TITLE>Metatranscriptomics of two pneumonia cases</STUDY_TITLE><STUDY_TYPE existing_study_type="Other"/><STUDY_ABSTRACT>Discovery and characterization of a novel human coronavirus from two individual pneumonia cases in 2019 Wuhan outbreak</STUDY_ABSTRACT><CENTER_PROJECT_NAME>Wuhan seafood market pneumonia virus</CENTER_PROJECT_NAME></DESCRIPTOR></STUDY><SAMPLE alias="WHU02" accession="SRS6007144"><IDENTIFIERS><PRIMARY_ID>SRS6007144</PRIMARY_ID><EXTERNAL_ID namespace="BioSample">SAMN13872787</EXTERNAL_ID></IDENTIFIERS><SAMPLE_NAME><TAXON_ID>9606</TAXON_ID><SCIENTIFIC_NAME>Homo sapiens</SCIENTIFIC_NAME></SAMPLE_NAME><SAMPLE_LINKS><SAMPLE_LINK><XREF_LINK><DB>bioproject</DB><ID>601736</ID><LABEL>PRJNA601736</LABEL></XREF_LINK></SAMPLE_LINK></SAMPLE_LINKS><SAMPLE_ATTRIBUTES><SAMPLE_ATTRIBUTE><TAG>isolate</TAG><VALUE>P02</VALUE></SAMPLE_ATTRIBUTE><SAMPLE_ATTRIBUTE><TAG>age</TAG><VALUE>21</VALUE></SAMPLE_ATTRIBUTE><SAMPLE_ATTRIBUTE><TAG>biomaterial_provider</TAG><VALUE>State Key Laboratory of Virology</VALUE></SAMPLE_ATTRIBUTE><SAMPLE_ATTRIBUTE><TAG>sex</TAG><VALUE>female</VALUE></SAMPLE_ATTRIBUTE><SAMPLE_ATTRIBUTE><TAG>tissue</TAG><VALUE>Bronchoalveolar lavage fluid</VALUE></SAMPLE_ATTRIBUTE><SAMPLE_ATTRIBUTE><TAG>BioSampleModel</TAG><VALUE>Human</VALUE></SAMPLE_ATTRIBUTE></SAMPLE_ATTRIBUTES></SAMPLE><Pool><Member member_name="" accession="SRS6007144" sample_name="WHU02" spots="476632" bases="143565674" tax_id="9606" organism="Homo sapiens"><IDENTIFIERS><PRIMARY_ID>SRS6007144</PRIMARY_ID><EXTERNAL_ID namespace="BioSample">SAMN13872787</EXTERNAL_ID></IDENTIFIERS></Member></Pool><RUN_SET><RUN accession="SRR10903401" alias="wuhan2_1.fq.gz" total_spots="476632" total_bases="143565674" size="72426963" load_done="true" published="2020-01-18 10:56:12" is_public="true" cluster_name="public" static_data_available="1" filtered_data_available="true"><IDENTIFIERS><PRIMARY_ID>SRR10903401</PRIMARY_ID></IDENTIFIERS><EXPERIMENT_REF accession="SRX7571571"><IDENTIFIERS/></EXPERIMENT_REF><Pool><Member member_name="" accession="SRS6007144" sample_name="WHU02" spots="476632" bases="143565674" tax_id="9606" organism="Homo sapiens"><IDENTIFIERS><PRIMARY_ID>SRS6007144</PRIMARY_ID><EXTERNAL_ID namespace="BioSample">SAMN13872787</EXTERNAL_ID></IDENTIFIERS></Member></Pool><SRAFiles><SRAFile cluster="public" filename="SRR10903401" url="https://sra-download.ncbi.nlm.nih.gov/traces/sra51/SRR/010647/SRR10903401" size="72429049" date="2020-01-28 22:01:49" md5="7dbb0781706958c5a41bdfe00c0d3139" semantic_name="run" supertype="Primary ETL" sratoolkit="1"><Alternatives url="https://sra-download.ncbi.nlm.nih.gov/traces/sra51/SRR/010647/SRR10903401" free_egress="worldwide" access_type="anonymous" org="NCBI"/><Alternatives url="s3://sra-pub-run-9/SRR10903401/SRR10903401.2" free_egress="s3.us-east-1" access_type="aws identity" org="AWS"/><Alternatives url="gs://sra-pub-run-8/SRR10903401/SRR10903401.2" free_egress="gs.US" access_type="gcp identity" org="GCP"/></SRAFile></SRAFiles><CloudFiles><CloudFile filetype="run" provider="gs" location="gs.US"/><CloudFile filetype="run" provider="s3" location="s3.us-east-1"/></CloudFiles><Statistics nreads="2" nspots="476632"><Read index="0" count="476632" average="150.55" stdev="0.74"/><Read index="1" count="476632" average="150.66" stdev="0.67"/></Statistics><Databases><Database><Table name="SEQUENCE"><Statistics source="meta"><Rows count="476632"/><Elements count="143565674"/></Statistics></Table></Database></Databases><Bases cs_native="false" count="143565674"><Base value="A" count="34131313"/><Base value="C" count="25949633"/><Base value="G" count="26939191"/><Base value="T" count="33444608"/><Base value="N" count="23100929"/></Bases></RUN></RUN_SET></EXPERIMENT_PACKAGE>
</EXPERIMENT_PACKAGE_SET>
