<?xml version="1.0"  ?>
<EXPERIMENT_PACKAGE_SET>
<EXPERIMENT_PACKAGE><EXPERIMENT accession="SRX8133063" alias="VA-DCLS-0004"><IDENTIFIERS><PRIMARY_ID>SRX8133063</PRIMARY_ID></IDENTIFIERS><TITLE>Amplicon-based sequencing of SARS-CoV-2: VA-DCLS-0004</TITLE><STUDY_REF accession="SRP256957"><IDENTIFIERS><PRIMARY_ID>SRP256957</PRIMARY_ID><EXTERNAL_ID namespace="BioProject">PRJNA625551</EXTERNAL_ID></IDENTIFIERS></STUDY_REF><DESIGN><DESIGN_DESCRIPTION>ARTIC PCR-tiling of viral cDNA (V2), sequenced by Illumina MiSeq with DNA Flex library prep-kit. Only reads aligned to SARS-CoV-2 reference (NC_045512.2) retained.</DESIGN_DESCRIPTION><SAMPLE_DESCRIPTOR accession="SRS6496562"><IDENTIFIERS><PRIMARY_ID>SRS6496562</PRIMARY_ID></IDENTIFIERS></SAMPLE_DESCRIPTOR><LIBRARY_DESCRIPTOR><LIBRARY_NAME>VA-DCLS-0004</LIBRARY_NAME><LIBRARY_STRATEGY>AMPLICON</LIBRARY_STRATEGY><LIBRARY_SOURCE>VIRAL RNA</LIBRARY_SOURCE><LIBRARY_SELECTION>cDNA</LIBRARY_SELECTION><LIBRARY_LAYOUT><PAIRED/></LIBRARY_LAYOUT></LIBRARY_DESCRIPTOR></DESIGN><PLATFORM><ILLUMINA><INSTRUMENT_MODEL>Illumina MiSeq</INSTRUMENT_MODEL></ILLUMINA></PLATFORM></EXPERIMENT><SUBMISSION lab_name="Virginia Division of Consolidated Laboratories" center_name="DCLS-NGS" accession="SRA1066476" alias="SUB7223169"><IDENTIFIERS><PRIMARY_ID>SRA1066476</PRIMARY_ID></IDENTIFIERS></SUBMISSION><Organization type="institute" org_id="14434" url="https://dgs.virginia.gov/division-of-consolidated-laboratory-services/"><Name abbr="DCLS-NGS">Virginia Division of Consolidated Laboratory Services Sequencing Submission Group</Name><Address postal_code="23219"><Department>Department of General Services Division of Consolidated Laboratory Services</Department><Institution>Virginia Division of Consolidated Laboratory Services Sequencing Submission Group</Institution><Street>500 North 5th Street</Street><City>Richmond</City><Sub>VA</Sub><Country>USA</Country></Address><Contact phone="804-648-4480 ext. 12" email="Lauren.turner@dgs.virginia.gov"><Name><First>Lauren</First><Last>Senty Turner</Last></Name></Contact></Organization><STUDY center_name="BioProject" alias="PRJNA625551" accession="SRP256957"><IDENTIFIERS><PRIMARY_ID>SRP256957</PRIMARY_ID><EXTERNAL_ID namespace="BioProject" label="primary">PRJNA625551</EXTERNAL_ID></IDENTIFIERS><DESCRIPTOR><STUDY_TITLE>SARS-CoV-2_sequencing</STUDY_TITLE><STUDY_TYPE existing_study_type="Other"/><STUDY_ABSTRACT>Illumina generated NGS reads of the SARS-CoV-2 genome. The goal is to be able to track the spread and evolution of this virus state-wide, nationally, and internationally.</STUDY_ABSTRACT><CENTER_PROJECT_NAME>SARS-CoV-2</CENTER_PROJECT_NAME></DESCRIPTOR><STUDY_ATTRIBUTES><STUDY_ATTRIBUTE><TAG>parent_bioproject</TAG><VALUE>PRJNA615625</VALUE></STUDY_ATTRIBUTE></STUDY_ATTRIBUTES></STUDY><SAMPLE alias="VA-DCLS-0004" accession="SRS6496562"><IDENTIFIERS><PRIMARY_ID>SRS6496562</PRIMARY_ID><EXTERNAL_ID namespace="BioSample">SAMN14614462</EXTERNAL_ID></IDENTIFIERS><SAMPLE_NAME><TAXON_ID>2697049</TAXON_ID><SCIENTIFIC_NAME>Severe acute respiratory syndrome coronavirus 2</SCIENTIFIC_NAME></SAMPLE_NAME><SAMPLE_LINKS><SAMPLE_LINK><XREF_LINK><DB>bioproject</DB><ID>625551</ID><LABEL>PRJNA625551</LABEL></XREF_LINK></SAMPLE_LINK></SAMPLE_LINKS><SAMPLE_ATTRIBUTES><SAMPLE_ATTRIBUTE><TAG>strain</TAG><VALUE>SARS-CoV-2/human/USA/VA-DCLS-0004/2020</VALUE></SAMPLE_ATTRIBUTE><SAMPLE_ATTRIBUTE><TAG>isolate</TAG><VALUE>Missing</VALUE></SAMPLE_ATTRIBUTE><SAMPLE_ATTRIBUTE><TAG>collected_by</TAG><VALUE>Virginia DCLS</VALUE></SAMPLE_ATTRIBUTE><SAMPLE_ATTRIBUTE><TAG>collection_date</TAG><VALUE>2020-03</VALUE></SAMPLE_ATTRIBUTE><SAMPLE_ATTRIBUTE><TAG>geo_loc_name</TAG><VALUE>USA:Virginia</VALUE></SAMPLE_ATTRIBUTE><SAMPLE_ATTRIBUTE><TAG>host</TAG><VALUE>Homo sapiens</VALUE></SAMPLE_ATTRIBUTE><SAMPLE_ATTRIBUTE><TAG>host_disease</TAG><VALUE>COVID-19</VALUE></SAMPLE_ATTRIBUTE><SAMPLE_ATTRIBUTE><TAG>isolation_source</TAG><VALUE>human</VALUE></SAMPLE_ATTRIBUTE><SAMPLE_ATTRIBUTE><TAG>lat_lon</TAG><VALUE>Missing</VALUE></SAMPLE_ATTRIBUTE><SAMPLE_ATTRIBUTE><TAG>BioSampleModel</TAG><VALUE>Pathogen.cl</VALUE></SAMPLE_ATTRIBUTE></SAMPLE_ATTRIBUTES></SAMPLE><Pool><Member member_name="" accession="SRS6496562" sample_name="VA-DCLS-0004" spots="320947" bases="57413352" tax_id="2697049" organism="Severe acute respiratory syndrome coronavirus 2"><IDENTIFIERS><PRIMARY_ID>SRS6496562</PRIMARY_ID><EXTERNAL_ID namespace="BioSample">SAMN14614462</EXTERNAL_ID></IDENTIFIERS></Member></Pool><RUN_SET><RUN accession="SRR11563848" alias="VA-DCLS-0004_SC2_R1.fastq.gz" total_spots="320947" total_bases="57413352" size="32225060" load_done="true" published="2020-04-17 16:26:16" is_public="true" cluster_name="public" static_data_available="1"><IDENTIFIERS><PRIMARY_ID>SRR11563848</PRIMARY_ID></IDENTIFIERS><EXPERIMENT_REF accession="SRX8133063"><IDENTIFIERS/></EXPERIMENT_REF><RUN_ATTRIBUTES><RUN_ATTRIBUTE><TAG>loader</TAG><VALUE>fastq-load.py</VALUE></RUN_ATTRIBUTE></RUN_ATTRIBUTES><Pool><Member member_name="" accession="SRS6496562" sample_name="VA-DCLS-0004" spots="320947" bases="57413352" tax_id="2697049" organism="Severe acute respiratory syndrome coronavirus 2"><IDENTIFIERS><PRIMARY_ID>SRS6496562</PRIMARY_ID><EXTERNAL_ID namespace="BioSample">SAMN14614462</EXTERNAL_ID></IDENTIFIERS></Member></Pool><SRAFiles><SRAFile cluster="public" size="73626863" date="2020-04-22 17:34:32" md5="16af45b6ae2768d36bc06b71b44136d3" semantic_name="fastq" supertype="Original" sratoolkit="0"><Alternatives url="s3://sra-pub-src-7/SRR11563848/VA-DCLS-0004_SC2_R1.fastq.1" free_egress="s3.us-east-1" access_type="aws identity" org="AWS"/><Alternatives url="gs://sra-pub-src-7/SRR11563848/VA-DCLS-0004_SC2_R1.fastq.1" free_egress="gs.US" access_type="gcp identity" org="GCP"/></SRAFile><SRAFile cluster="public" size="73593671" date="2020-04-22 17:34:34" md5="491dc63f44bdf0911baecdefc198bc2a" semantic_name="fastq" supertype="Original" sratoolkit="0"><Alternatives url="s3://sra-pub-src-7/SRR11563848/VA-DCLS-0004_SC2_R2.fastq.1" free_egress="s3.us-east-1" access_type="aws identity" org="AWS"/><Alternatives url="gs://sra-pub-src-7/SRR11563848/VA-DCLS-0004_SC2_R2.fastq.1" free_egress="gs.US" access_type="gcp identity" org="GCP"/></SRAFile><SRAFile cluster="public" filename="SRR11563848" url="https://sra-download.ncbi.nlm.nih.gov/traces/sra25/SRR/011292/SRR11563848" size="32226982" date="2020-04-22 17:34:48" md5="6909465f100ee22875e80ebb67120a6a" semantic_name="run" supertype="Primary ETL" sratoolkit="1"><Alternatives url="https://sra-download.ncbi.nlm.nih.gov/traces/sra25/SRR/011292/SRR11563848" free_egress="worldwide" access_type="anonymous" org="NCBI"/><Alternatives url="s3://sra-pub-run-8/SRR11563848/SRR11563848.2" free_egress="s3.us-east-1" access_type="aws identity" org="AWS"/><Alternatives url="gs://sra-pub-run-9/SRR11563848/SRR11563848.2" free_egress="gs.US" access_type="gcp identity" org="GCP"/></SRAFile></SRAFiles><CloudFiles><CloudFile filetype="fastq" provider="gs" location="gs.US"/><CloudFile filetype="fastq" provider="s3" location="s3.us-east-1"/><CloudFile filetype="run" provider="gs" location="gs.US"/><CloudFile filetype="run" provider="s3" location="s3.us-east-1"/></CloudFiles><Statistics nreads="2" nspots="320947"><Read index="0" count="320947" average="89.47" stdev="13.57"/><Read index="1" count="320947" average="89.42" stdev="13.60"/></Statistics><Databases><Database><Table name="SEQUENCE"><Statistics source="meta"><Rows count="320947"/><Elements count="57413352"/></Statistics></Table></Database></Databases><Bases cs_native="false" count="57413352"><Base value="A" count="17633888"/><Base value="C" count="11041847"/><Base value="G" count="10981585"/><Base value="T" count="17756026"/><Base value="N" count="6"/></Bases></RUN></RUN_SET></EXPERIMENT_PACKAGE>
</EXPERIMENT_PACKAGE_SET>
