<?xml version="1.0"  ?>
<EXPERIMENT_PACKAGE_SET>
<EXPERIMENT_PACKAGE><EXPERIMENT accession="SRX7705838" alias="nCov-RNA-8"><IDENTIFIERS><PRIMARY_ID>SRX7705838</PRIMARY_ID></IDENTIFIERS><TITLE>2019 novel coronavirus RNA-seq sequences mapped to reference genome MN908947.3</TITLE><STUDY_REF accession="SRP248092"><IDENTIFIERS><PRIMARY_ID>SRP248092</PRIMARY_ID></IDENTIFIERS></STUDY_REF><DESIGN><DESIGN_DESCRIPTION>Sample was sequenced  on Illumina Hiseq2500/4000 platform in both single-end and paired-end modes, and then mapped to reference genome separately. The resulting bam files were merged using samtools.</DESIGN_DESCRIPTION><SAMPLE_DESCRIPTOR accession="SRS6129666"><IDENTIFIERS><PRIMARY_ID>SRS6129666</PRIMARY_ID></IDENTIFIERS></SAMPLE_DESCRIPTOR><LIBRARY_DESCRIPTOR><LIBRARY_NAME>nCov-RNA-8</LIBRARY_NAME><LIBRARY_STRATEGY>RNA-Seq</LIBRARY_STRATEGY><LIBRARY_SOURCE>METATRANSCRIPTOMIC</LIBRARY_SOURCE><LIBRARY_SELECTION>RT-PCR</LIBRARY_SELECTION><LIBRARY_LAYOUT><PAIRED/></LIBRARY_LAYOUT></LIBRARY_DESCRIPTOR></DESIGN><PLATFORM><ILLUMINA><INSTRUMENT_MODEL>Illumina HiSeq 2500</INSTRUMENT_MODEL></ILLUMINA></PLATFORM></EXPERIMENT><SUBMISSION lab_name="CAS Key Laboratory of Genomic and Precision Medici" center_name="Beijing Institute of Genomics, Chinese Academy of Sciences" accession="SRA1041081" alias="SUB6954272"><IDENTIFIERS><PRIMARY_ID>SRA1041081</PRIMARY_ID></IDENTIFIERS></SUBMISSION><Organization type="institute" url="http://english.big.cas.cn/"><Name>Beijing Institute of Genomics, Chinese Academy of Sciences</Name><Address postal_code="100101"><Department>CAS Key Laboratory of Genomic and Precision Medicine</Department><Institution>Beijing Institute of Genomics, Chinese Academy of Sciences</Institution><Street>Beichen West Road</Street><City>Beijing</City><Country>China</Country></Address><Contact email="shenzijie2018m@big.ac.cn" sec_email="szjshuffle@foxmail.com"><Address postal_code="100101"><Department>CAS Key Laboratory of Genomic and Precision Medicine</Department><Institution>Beijing Institute of Genomics, Chinese Academy of Sciences</Institution><Street>Beichen West Road</Street><City>Beijing</City><Country>China</Country></Address><Name><First>Zijie</First><Last>Shen</Last></Name></Contact></Organization><STUDY center_name="BioProject" alias="PRJNA605907" accession="SRP248092"><IDENTIFIERS><PRIMARY_ID>SRP248092</PRIMARY_ID><EXTERNAL_ID namespace="BioProject" label="primary">PRJNA605907</EXTERNAL_ID></IDENTIFIERS><DESCRIPTOR><STUDY_TITLE>2019 novel coronavirus</STUDY_TITLE><STUDY_TYPE existing_study_type="Other"/><STUDY_ABSTRACT>2019 novel coronavirus RNA-seq sequences mapped to reference genome MN908947.3</STUDY_ABSTRACT></DESCRIPTOR><STUDY_LINKS><STUDY_LINK><XREF_LINK><DB>pubmed</DB><ID>32129843</ID></XREF_LINK></STUDY_LINK></STUDY_LINKS></STUDY><SAMPLE alias="nCov8" accession="SRS6129666"><IDENTIFIERS><PRIMARY_ID>SRS6129666</PRIMARY_ID><EXTERNAL_ID namespace="BioSample">SAMN14081564</EXTERNAL_ID></IDENTIFIERS><SAMPLE_NAME><TAXON_ID>2697049</TAXON_ID><SCIENTIFIC_NAME>Severe acute respiratory syndrome coronavirus 2</SCIENTIFIC_NAME></SAMPLE_NAME><SAMPLE_LINKS><SAMPLE_LINK><XREF_LINK><DB>bioproject</DB><ID>605907</ID><LABEL>PRJNA605907</LABEL></XREF_LINK></SAMPLE_LINK></SAMPLE_LINKS><SAMPLE_ATTRIBUTES><SAMPLE_ATTRIBUTE><TAG>isolate</TAG><VALUE>WH19053</VALUE></SAMPLE_ATTRIBUTE><SAMPLE_ATTRIBUTE><TAG>collected_by</TAG><VALUE>Institute of Pathogen Biology, Chinese Academy of Medical Sciences and Peking Union Medical College</VALUE></SAMPLE_ATTRIBUTE><SAMPLE_ATTRIBUTE><TAG>collection_date</TAG><VALUE>2019-12-30</VALUE></SAMPLE_ATTRIBUTE><SAMPLE_ATTRIBUTE><TAG>geo_loc_name</TAG><VALUE>China:Wuhan</VALUE></SAMPLE_ATTRIBUTE><SAMPLE_ATTRIBUTE><TAG>host</TAG><VALUE>Homo sapiens</VALUE></SAMPLE_ATTRIBUTE><SAMPLE_ATTRIBUTE><TAG>host_disease</TAG><VALUE>nCoV pneumonia</VALUE></SAMPLE_ATTRIBUTE><SAMPLE_ATTRIBUTE><TAG>isolation_source</TAG><VALUE>bronchoalveolar lavage fluid(BALF)</VALUE></SAMPLE_ATTRIBUTE><SAMPLE_ATTRIBUTE><TAG>lat_lon</TAG><VALUE>30.52 N 114.31 E</VALUE></SAMPLE_ATTRIBUTE><SAMPLE_ATTRIBUTE><TAG>host_age</TAG><VALUE>41</VALUE></SAMPLE_ATTRIBUTE><SAMPLE_ATTRIBUTE><TAG>host_sex</TAG><VALUE>male</VALUE></SAMPLE_ATTRIBUTE><SAMPLE_ATTRIBUTE><TAG>BioSampleModel</TAG><VALUE>Pathogen.cl</VALUE></SAMPLE_ATTRIBUTE></SAMPLE_ATTRIBUTES></SAMPLE><Pool><Member member_name="" accession="SRS6129666" sample_name="nCov8" spots="76740" bases="8325534" tax_id="2697049" organism="Severe acute respiratory syndrome coronavirus 2"><IDENTIFIERS><PRIMARY_ID>SRS6129666</PRIMARY_ID><EXTERNAL_ID namespace="BioSample">SAMN14081564</EXTERNAL_ID></IDENTIFIERS></Member></Pool><RUN_SET><RUN accession="SRR11059940" alias="nCov8.bam" total_spots="76740" total_bases="8325534" size="2158046" load_done="true" published="2020-02-22 21:16:12" is_public="true" cluster_name="public" static_data_available="1"><IDENTIFIERS><PRIMARY_ID>SRR11059940</PRIMARY_ID></IDENTIFIERS><EXPERIMENT_REF accession="SRX7705838"><IDENTIFIERS/></EXPERIMENT_REF><RUN_ATTRIBUTES><RUN_ATTRIBUTE><TAG>fasta_file</TAG><VALUE>MN908947.3.fasta</VALUE></RUN_ATTRIBUTE></RUN_ATTRIBUTES><Pool><Member member_name="" accession="SRS6129666" sample_name="nCov8" spots="76740" bases="8325534" tax_id="2697049" organism="Severe acute respiratory syndrome coronavirus 2"><IDENTIFIERS><PRIMARY_ID>SRS6129666</PRIMARY_ID><EXTERNAL_ID namespace="BioSample">SAMN14081564</EXTERNAL_ID></IDENTIFIERS></Member></Pool><AlignInfo path="/netmnt/traces04/sra53/SRR/010800/SRR11059940" cnt="1"><Alignment name="MN908947.3" seqid="MN908947.3"/></AlignInfo><SRAFiles><SRAFile cluster="public" size="30417" date="2020-02-11 00:47:18" md5="e544ba2e29d1500ec878e01de2de484c" semantic_name="bam" supertype="Original" sratoolkit="0"><Alternatives url="s3://sra-pub-src-7/SRR11059940/MN908947.3.fasta.1" free_egress="s3.us-east-1" access_type="aws identity" org="AWS"/><Alternatives url="gs://sra-pub-src-7/SRR11059940/MN908947.3.fasta.1" free_egress="gs.US" access_type="gcp identity" org="GCP"/></SRAFile><SRAFile cluster="public" size="3880891" date="2020-02-11 00:47:17" md5="55c64ca45438a7053814feafafd8fb0d" semantic_name="bam" supertype="Original" sratoolkit="0"><Alternatives url="s3://sra-pub-src-7/SRR11059940/nCov8.bam.1" free_egress="s3.us-east-1" access_type="aws identity" org="AWS"/><Alternatives url="gs://sra-pub-src-7/SRR11059940/nCov8.bam.1" free_egress="gs.US" access_type="gcp identity" org="GCP"/></SRAFile><SRAFile cluster="public" filename="SRR11059940" url="https://sra-download.ncbi.nlm.nih.gov/traces/sra53/SRR/010800/SRR11059940" size="2172196" date="2020-02-11 00:47:26" md5="562ce801f46b3c157d4ff66e0a54fdf5" semantic_name="run" supertype="Primary ETL" sratoolkit="1"><Alternatives url="https://sra-download.ncbi.nlm.nih.gov/traces/sra53/SRR/010800/SRR11059940" free_egress="worldwide" access_type="anonymous" org="NCBI"/><Alternatives url="s3://sra-pub-run-4/SRR11059940/SRR11059940.1" free_egress="s3.us-east-1" access_type="aws identity" org="AWS"/><Alternatives url="gs://sra-pub-run-2/SRR11059940/SRR11059940.1" free_egress="gs.US" access_type="gcp identity" org="GCP"/></SRAFile></SRAFiles><CloudFiles><CloudFile filetype="bam" provider="gs" location="gs.US"/><CloudFile filetype="bam" provider="s3" location="s3.us-east-1"/><CloudFile filetype="run" provider="gs" location="gs.US"/><CloudFile filetype="run" provider="s3" location="s3.us-east-1"/></CloudFiles><Statistics nreads="variable"/><Databases><Database><Table name="PRIMARY_ALIGNMENT"><Statistics source="meta"><Rows count="79687"/><Elements count="8325534"/></Statistics></Table><Table name="REFERENCE"><Statistics source="meta"><Rows count="6"/><Elements count="29903"/></Statistics></Table><Table name="SECONDARY_ALIGNMENT"><Statistics source="meta"><Rows count="5125"/><Elements count="549012"/></Statistics></Table><Table name="SEQUENCE"><Statistics source="meta"><Rows count="76740"/><Elements count="8325534"/></Statistics></Table></Database></Databases><Bases cs_native="false" count="8325534"><Base value="A" count="2517358"/><Base value="C" count="1557891"/><Base value="G" count="1585208"/><Base value="T" count="2664577"/><Base value="N" count="500"/></Bases></RUN></RUN_SET></EXPERIMENT_PACKAGE>
</EXPERIMENT_PACKAGE_SET>
