<?xml version="1.0"  ?>
<EXPERIMENT_PACKAGE_SET>
<EXPERIMENT_PACKAGE><EXPERIMENT accession="SRX8095881" alias="200320_M02143"><IDENTIFIERS><PRIMARY_ID>SRX8095881</PRIMARY_ID></IDENTIFIERS><TITLE>WGS of SARS-CoV-2 R03006_2020_2</TITLE><STUDY_REF accession="SRP255993"><IDENTIFIERS><PRIMARY_ID>SRP255993</PRIMARY_ID></IDENTIFIERS></STUDY_REF><DESIGN><DESIGN_DESCRIPTION>A paired-end library (2X300 bp) was prepared using a Nextera XT DNA sample preparation kit</DESIGN_DESCRIPTION><SAMPLE_DESCRIPTOR accession="SRS6462475"><IDENTIFIERS><PRIMARY_ID>SRS6462475</PRIMARY_ID></IDENTIFIERS></SAMPLE_DESCRIPTOR><LIBRARY_DESCRIPTOR><LIBRARY_NAME>200320_M02143</LIBRARY_NAME><LIBRARY_STRATEGY>WGS</LIBRARY_STRATEGY><LIBRARY_SOURCE>GENOMIC</LIBRARY_SOURCE><LIBRARY_SELECTION>RANDOM</LIBRARY_SELECTION><LIBRARY_LAYOUT><PAIRED/></LIBRARY_LAYOUT></LIBRARY_DESCRIPTOR></DESIGN><PLATFORM><ILLUMINA><INSTRUMENT_MODEL>Illumina MiSeq</INSTRUMENT_MODEL></ILLUMINA></PLATFORM></EXPERIMENT><SUBMISSION lab_name="Sequencing Core Facility" center_name="National Institute for Communicable Diseases" accession="SRA1064531" alias="SUB7272497"><IDENTIFIERS><PRIMARY_ID>SRA1064531</PRIMARY_ID></IDENTIFIERS></SUBMISSION><Organization type="institute" url="http://www.nicd.ac.za"><Name>National Institute for Communicable Diseases</Name><Address postal_code="2131"><Department>Sequencing Core Facility</Department><Institution>National Institute for Communicable Diseases</Institution><Street>1 Modderfontein Road</Street><City>Johannesburg</City><Sub>Gauteng</Sub><Country>South Africa</Country></Address><Contact email="mushala@nicd.ac.za"><Address postal_code="2131"><Department>Sequencing Core Facility</Department><Institution>National Institute for Communicable Diseases</Institution><Street>1 Modderfontein Road</Street><City>Johannesburg</City><Sub>Gauteng</Sub><Country>South Africa</Country></Address><Name><First>Mushal</First><Last>Allam</Last></Name></Contact></Organization><STUDY center_name="BioProject" alias="PRJNA624358" accession="SRP255993"><IDENTIFIERS><PRIMARY_ID>SRP255993</PRIMARY_ID><EXTERNAL_ID namespace="BioProject" label="primary">PRJNA624358</EXTERNAL_ID></IDENTIFIERS><DESCRIPTOR><STUDY_TITLE>WGS of SARS-CoV-2 genomes from South Africa</STUDY_TITLE><STUDY_TYPE existing_study_type="Other"/><STUDY_ABSTRACT>Whole-Genome Sequence of the Severe Acute Respiratory Syndrome Coronavirus 2 (SARS-CoV-2) obtained from a South African Coronavirus Disease 2019 (COVID-19) Patient</STUDY_ABSTRACT></DESCRIPTOR></STUDY><SAMPLE alias="R03006_2020_2" accession="SRS6462475"><IDENTIFIERS><PRIMARY_ID>SRS6462475</PRIMARY_ID><EXTERNAL_ID namespace="BioSample">SAMN14574671</EXTERNAL_ID></IDENTIFIERS><SAMPLE_NAME><TAXON_ID>2697049</TAXON_ID><SCIENTIFIC_NAME>Severe acute respiratory syndrome coronavirus 2</SCIENTIFIC_NAME></SAMPLE_NAME><SAMPLE_LINKS><SAMPLE_LINK><XREF_LINK><DB>bioproject</DB><ID>624358</ID><LABEL>PRJNA624358</LABEL></XREF_LINK></SAMPLE_LINK></SAMPLE_LINKS><SAMPLE_ATTRIBUTES><SAMPLE_ATTRIBUTE><TAG>strain</TAG><VALUE>R03006_2020_2</VALUE></SAMPLE_ATTRIBUTE><SAMPLE_ATTRIBUTE><TAG>collected_by</TAG><VALUE>National Institute for Communicable Diseases, National Health Laboratory Service, Johannesburg, South Africa</VALUE></SAMPLE_ATTRIBUTE><SAMPLE_ATTRIBUTE><TAG>collection_date</TAG><VALUE>2020-03-07</VALUE></SAMPLE_ATTRIBUTE><SAMPLE_ATTRIBUTE><TAG>geo_loc_name</TAG><VALUE>South Africa: KwaZulu-Natal</VALUE></SAMPLE_ATTRIBUTE><SAMPLE_ATTRIBUTE><TAG>host</TAG><VALUE>Homo sapiens</VALUE></SAMPLE_ATTRIBUTE><SAMPLE_ATTRIBUTE><TAG>host_disease</TAG><VALUE>COVID-19</VALUE></SAMPLE_ATTRIBUTE><SAMPLE_ATTRIBUTE><TAG>isolation_source</TAG><VALUE>Combined nasopharyngeal and oropharyngeal swab</VALUE></SAMPLE_ATTRIBUTE><SAMPLE_ATTRIBUTE><TAG>lat_lon</TAG><VALUE>28.5306 S 30.8958 E</VALUE></SAMPLE_ATTRIBUTE><SAMPLE_ATTRIBUTE><TAG>BioSampleModel</TAG><VALUE>Pathogen.cl</VALUE></SAMPLE_ATTRIBUTE></SAMPLE_ATTRIBUTES></SAMPLE><Pool><Member member_name="" accession="SRS6462475" sample_name="R03006_2020_2" spots="2971431" bases="1787565242" tax_id="2697049" organism="Severe acute respiratory syndrome coronavirus 2"><IDENTIFIERS><PRIMARY_ID>SRS6462475</PRIMARY_ID><EXTERNAL_ID namespace="BioSample">SAMN14574671</EXTERNAL_ID></IDENTIFIERS></Member></Pool><RUN_SET><RUN accession="SRR11524818" alias="R03006_2_2020_S2_L001_R1_001.fastq.gz" total_spots="2971431" total_bases="1787565242" size="1079578933" load_done="true" published="2020-04-12 05:02:15" is_public="true" cluster_name="public" static_data_available="1"><IDENTIFIERS><PRIMARY_ID>SRR11524818</PRIMARY_ID></IDENTIFIERS><EXPERIMENT_REF accession="SRX8095881"><IDENTIFIERS/></EXPERIMENT_REF><Pool><Member member_name="" accession="SRS6462475" sample_name="R03006_2020_2" spots="2971431" bases="1787565242" tax_id="2697049" organism="Severe acute respiratory syndrome coronavirus 2"><IDENTIFIERS><PRIMARY_ID>SRS6462475</PRIMARY_ID><EXTERNAL_ID namespace="BioSample">SAMN14574671</EXTERNAL_ID></IDENTIFIERS></Member></Pool><SRAFiles><SRAFile cluster="public" size="578823871" date="2020-04-12 04:04:10" md5="6004979b612653458ea67fbfd2fe4844" semantic_name="fastq" supertype="Original" sratoolkit="0"><Alternatives url="s3://sra-pub-src-4/SRR11524818/R03006_2_2020_S2_L001_R1_001.fastq.gz.1" free_egress="s3.us-east-1" access_type="aws identity" org="AWS"/><Alternatives url="gs://sra-pub-src-4/SRR11524818/R03006_2_2020_S2_L001_R1_001.fastq.gz.1" free_egress="gs.US" access_type="gcp identity" org="GCP"/></SRAFile><SRAFile cluster="public" size="463844615" date="2020-04-12 03:52:02" md5="877e17d2895e93a4227829375dcb6fee" semantic_name="fastq" supertype="Original" sratoolkit="0"><Alternatives url="s3://sra-pub-src-4/SRR11524818/R03006_2_2020_S2_L001_R2_001.fastq.gz.1" free_egress="s3.us-east-1" access_type="aws identity" org="AWS"/><Alternatives url="gs://sra-pub-src-4/SRR11524818/R03006_2_2020_S2_L001_R2_001.fastq.gz.1" free_egress="gs.US" access_type="gcp identity" org="GCP"/></SRAFile><SRAFile cluster="public" filename="SRR11524818" url="https://sra-download.ncbi.nlm.nih.gov/traces/sra63/SRR/011254/SRR11524818" size="1079580756" date="2020-04-12 04:42:31" md5="5f3af852dedf022ba0a840a8cea6b3d5" semantic_name="run" supertype="Primary ETL" sratoolkit="1"><Alternatives url="https://sra-download.ncbi.nlm.nih.gov/traces/sra63/SRR/011254/SRR11524818" free_egress="worldwide" access_type="anonymous" org="NCBI"/><Alternatives url="s3://sra-pub-run-4/SRR11524818/SRR11524818.1" free_egress="s3.us-east-1" access_type="aws identity" org="AWS"/><Alternatives url="gs://sra-pub-run-2/SRR11524818/SRR11524818.1" free_egress="gs.US" access_type="gcp identity" org="GCP"/></SRAFile></SRAFiles><CloudFiles><CloudFile filetype="fastq" provider="gs" location="gs.US"/><CloudFile filetype="fastq" provider="s3" location="s3.us-east-1"/><CloudFile filetype="run" provider="gs" location="gs.US"/><CloudFile filetype="run" provider="s3" location="s3.us-east-1"/></CloudFiles><Statistics nreads="2" nspots="2971431"><Read index="0" count="2971431" average="300.73" stdev="4.56"/><Read index="1" count="2971431" average="300.86" stdev="4.40"/></Statistics><Databases><Database><Table name="SEQUENCE"><Statistics source="meta"><Rows count="2971431"/><Elements count="1787565242"/></Statistics></Table></Database></Databases><Bases cs_native="false" count="1787565242"><Base value="A" count="1074365312"/><Base value="C" count="75807416"/><Base value="G" count="57042440"/><Base value="T" count="580268647"/><Base value="N" count="81427"/></Bases></RUN></RUN_SET></EXPERIMENT_PACKAGE>
</EXPERIMENT_PACKAGE_SET>
