<?xml version="1.0"  ?>
<EXPERIMENT_PACKAGE_SET>
<EXPERIMENT_PACKAGE><EXPERIMENT accession="SRX8139252" alias="@M05492:75:000000000-CW8RH"><IDENTIFIERS><PRIMARY_ID>SRX8139252</PRIMARY_ID></IDENTIFIERS><TITLE>Severe acute respiratory syndrome coronavirus 2 isolate ISR_JP0320: raw sequence reads</TITLE><STUDY_REF accession="SRP257463"><IDENTIFIERS><PRIMARY_ID>SRP257463</PRIMARY_ID></IDENTIFIERS></STUDY_REF><DESIGN><DESIGN_DESCRIPTION>SMARTer2</DESIGN_DESCRIPTION><SAMPLE_DESCRIPTOR accession="SRS6502273"><IDENTIFIERS><PRIMARY_ID>SRS6502273</PRIMARY_ID></IDENTIFIERS></SAMPLE_DESCRIPTOR><LIBRARY_DESCRIPTOR><LIBRARY_NAME>@M05492:75:000000000-CW8RH</LIBRARY_NAME><LIBRARY_STRATEGY>WGS</LIBRARY_STRATEGY><LIBRARY_SOURCE>GENOMIC</LIBRARY_SOURCE><LIBRARY_SELECTION>RANDOM</LIBRARY_SELECTION><LIBRARY_LAYOUT><PAIRED/></LIBRARY_LAYOUT></LIBRARY_DESCRIPTOR></DESIGN><PLATFORM><ILLUMINA><INSTRUMENT_MODEL>Illumina MiSeq</INSTRUMENT_MODEL></ILLUMINA></PLATFORM></EXPERIMENT><SUBMISSION lab_name="Biochemistry and Molecular Biology" center_name="Israel Institute for Biological Research" accession="SRA1066962" alias="SUB7239582"><IDENTIFIERS><PRIMARY_ID>SRA1066962</PRIMARY_ID></IDENTIFIERS></SUBMISSION><Organization type="institute"><Name>Israel Institute for Biological Research</Name><Address postal_code="74100"><Department>Biochemistry and Molecular Biology</Department><Institution>Israel Institute for Biological Research</Institution><Street>Reuven 24</Street><City>Ness Ziona</City><Country>Israel</Country></Address><Contact email="inbarg@iibr.gov.il"><Address postal_code="74100"><Department>Biochemistry and Molecular Biology</Department><Institution>Israel Institute for Biological Research</Institution><Street>Reuven 24</Street><City>Ness Ziona</City><Country>Israel</Country></Address><Name><First>Inbar</First><Last>Cohen Gihon</Last></Name></Contact></Organization><STUDY center_name="BioProject" alias="PRJNA626526" accession="SRP257463"><IDENTIFIERS><PRIMARY_ID>SRP257463</PRIMARY_ID><EXTERNAL_ID namespace="BioProject" label="primary">PRJNA626526</EXTERNAL_ID></IDENTIFIERS><DESCRIPTOR><STUDY_TITLE>SARS-Cov-2 virus strain ISR_JP0320 genome sequencing</STUDY_TITLE><STUDY_TYPE existing_study_type="Other"/><STUDY_ABSTRACT>We report here the whole-genome sequence of a SARS-Cov-2 virus case diagnosed in Israel. The strain was isolated on February 2020 from a patient who was a passenger on the Diamond Princess cruise ship and was tested positive for COVID-19 while on board.</STUDY_ABSTRACT></DESCRIPTOR></STUDY><SAMPLE alias="ISR_JP0320" accession="SRS6502273"><IDENTIFIERS><PRIMARY_ID>SRS6502273</PRIMARY_ID><EXTERNAL_ID namespace="BioSample">SAMN14643484</EXTERNAL_ID></IDENTIFIERS><SAMPLE_NAME><TAXON_ID>2697049</TAXON_ID><SCIENTIFIC_NAME>Severe acute respiratory syndrome coronavirus 2</SCIENTIFIC_NAME></SAMPLE_NAME><SAMPLE_LINKS><SAMPLE_LINK><XREF_LINK><DB>bioproject</DB><ID>626526</ID><LABEL>PRJNA626526</LABEL></XREF_LINK></SAMPLE_LINK></SAMPLE_LINKS><SAMPLE_ATTRIBUTES><SAMPLE_ATTRIBUTE><TAG>isolate</TAG><VALUE>ISR_IT0320</VALUE></SAMPLE_ATTRIBUTE><SAMPLE_ATTRIBUTE><TAG>collected_by</TAG><VALUE>Central Virology Laboratory, Sheba Medical Center, Tel Hashomer, Israel</VALUE></SAMPLE_ATTRIBUTE><SAMPLE_ATTRIBUTE><TAG>collection_date</TAG><VALUE>2020-02</VALUE></SAMPLE_ATTRIBUTE><SAMPLE_ATTRIBUTE><TAG>geo_loc_name</TAG><VALUE>Israel</VALUE></SAMPLE_ATTRIBUTE><SAMPLE_ATTRIBUTE><TAG>host</TAG><VALUE>Homo sapiens</VALUE></SAMPLE_ATTRIBUTE><SAMPLE_ATTRIBUTE><TAG>host_disease</TAG><VALUE>COVID-19</VALUE></SAMPLE_ATTRIBUTE><SAMPLE_ATTRIBUTE><TAG>isolation_source</TAG><VALUE>N/A</VALUE></SAMPLE_ATTRIBUTE><SAMPLE_ATTRIBUTE><TAG>lat_lon</TAG><VALUE>N/A</VALUE></SAMPLE_ATTRIBUTE><SAMPLE_ATTRIBUTE><TAG>BioSampleModel</TAG><VALUE>Pathogen.cl</VALUE></SAMPLE_ATTRIBUTE></SAMPLE_ATTRIBUTES></SAMPLE><Pool><Member member_name="" accession="SRS6502273" sample_name="ISR_JP0320" spots="1522094" bases="446632543" tax_id="2697049" organism="Severe acute respiratory syndrome coronavirus 2"><IDENTIFIERS><PRIMARY_ID>SRS6502273</PRIMARY_ID><EXTERNAL_ID namespace="BioSample">SAMN14643484</EXTERNAL_ID></IDENTIFIERS></Member></Pool><RUN_SET><RUN accession="SRR11570921" alias="ISR_JP0320_R1.fastq" total_spots="1522094" total_bases="446632543" size="264849828" load_done="true" published="2020-04-20 08:04:19" is_public="true" cluster_name="public" static_data_available="1"><IDENTIFIERS><PRIMARY_ID>SRR11570921</PRIMARY_ID></IDENTIFIERS><EXPERIMENT_REF accession="SRX8139252"><IDENTIFIERS/></EXPERIMENT_REF><Pool><Member member_name="" accession="SRS6502273" sample_name="ISR_JP0320" spots="1522094" bases="446632543" tax_id="2697049" organism="Severe acute respiratory syndrome coronavirus 2"><IDENTIFIERS><PRIMARY_ID>SRS6502273</PRIMARY_ID><EXTERNAL_ID namespace="BioSample">SAMN14643484</EXTERNAL_ID></IDENTIFIERS></Member></Pool><SRAFiles><SRAFile cluster="public" size="534077801" date="2020-04-20 08:00:17" md5="683252fadb88dfb83ca0e6b0b3741839" semantic_name="fastq" supertype="Original" sratoolkit="0"><Alternatives url="s3://sra-pub-src-8/SRR11570921/ISR_JP0320_R1.fastq.1" free_egress="s3.us-east-1" access_type="aws identity" org="AWS"/><Alternatives url="gs://sra-pub-src-8/SRR11570921/ISR_JP0320_R1.fastq.1" free_egress="gs.US" access_type="gcp identity" org="GCP"/></SRAFile><SRAFile cluster="public" filename="ISR_JP0320_R2.fastq" url="https://sra-download.ncbi.nlm.nih.gov/traces/sra38/SRZ/011570/SRR11570921/ISR_JP0320_R2.fastq" size="534240187" date="2020-04-20 08:00:27" md5="6ecf9e0cf6d9a930216753b1ea770bed" semantic_name="fastq" supertype="Original" sratoolkit="0"><Alternatives url="https://sra-download.ncbi.nlm.nih.gov/traces/sra38/SRZ/011570/SRR11570921/ISR_JP0320_R2.fastq" free_egress="worldwide" access_type="anonymous" org="NCBI"/><Alternatives url="gs://sra-pub-src-7/SRR11570921/ISR_JP0320_R2.fastq.1" free_egress="gs.US" access_type="gcp identity" org="GCP"/></SRAFile><SRAFile cluster="public" filename="SRR11570921" url="https://sra-download.ncbi.nlm.nih.gov/traces/sra25/SRR/011299/SRR11570921" size="264851651" date="2020-04-20 08:00:42" md5="5f0335f2de66e268259a14eb8bb9d94e" semantic_name="run" supertype="Primary ETL" sratoolkit="1"><Alternatives url="https://sra-download.ncbi.nlm.nih.gov/traces/sra25/SRR/011299/SRR11570921" free_egress="worldwide" access_type="anonymous" org="NCBI"/><Alternatives url="s3://sra-pub-run-8/SRR11570921/SRR11570921.1" free_egress="s3.us-east-1" access_type="aws identity" org="AWS"/><Alternatives url="gs://sra-pub-run-9/SRR11570921/SRR11570921.1" free_egress="gs.US" access_type="gcp identity" org="GCP"/></SRAFile></SRAFiles><CloudFiles><CloudFile filetype="fastq" provider="gs" location="gs.US"/><CloudFile filetype="fastq" provider="s3" location="s3.us-east-1"/><CloudFile filetype="run" provider="gs" location="gs.US"/><CloudFile filetype="run" provider="s3" location="s3.us-east-1"/></CloudFiles><Statistics nreads="2" nspots="1522094"><Read index="0" count="1522094" average="146.69" stdev="13.92"/><Read index="1" count="1522094" average="146.74" stdev="13.79"/></Statistics><Databases><Database><Table name="SEQUENCE"><Statistics source="meta"><Rows count="1522094"/><Elements count="446632543"/></Statistics></Table></Database></Databases><Bases cs_native="false" count="446632543"><Base value="A" count="121102843"/><Base value="C" count="100707300"/><Base value="G" count="99008341"/><Base value="T" count="125715639"/><Base value="N" count="98420"/></Bases></RUN></RUN_SET></EXPERIMENT_PACKAGE>
</EXPERIMENT_PACKAGE_SET>
