<?xml version="1.0"  ?>
<EXPERIMENT_PACKAGE_SET>
<EXPERIMENT_PACKAGE><EXPERIMENT accession="SRX8032210" alias="HBCDC-HB-06/2020"><IDENTIFIERS><PRIMARY_ID>SRX8032210</PRIMARY_ID></IDENTIFIERS><TITLE>RNA-Seq of Homo sapiens: hCov-19 infected patients Faeces</TITLE><STUDY_REF accession="SRP254688"><IDENTIFIERS><PRIMARY_ID>SRP254688</PRIMARY_ID><EXTERNAL_ID namespace="BioProject">PRJNA616446</EXTERNAL_ID></IDENTIFIERS></STUDY_REF><DESIGN><DESIGN_DESCRIPTION>Total RNA extracted from 10 samples were subjected to metagenomic next  generation sequencing testing by EZ1 virus mini kit v.2.0 . TruSeq Stranded Total RNA Library Prep Kit was used to remove rRNA, reverse transcription and synthesize the  double-stranded DNA. The fragmenting, modifying the ends, connecting the joints  and enriching of DNA were done by NexteraXT library prepkit , then the DNA library was obtained. Iseq TM 100 i1 Cartridge, Miseq v2  reagent kit, and High output Reagent Cartridge were  used for deep sequencing in Iseq100, Miseq, and Miniseq platforms , respectively.</DESIGN_DESCRIPTION><SAMPLE_DESCRIPTOR accession="SRS6404545"><IDENTIFIERS><PRIMARY_ID>SRS6404545</PRIMARY_ID><EXTERNAL_ID namespace="BioSample">SAMN14479135</EXTERNAL_ID></IDENTIFIERS></SAMPLE_DESCRIPTOR><LIBRARY_DESCRIPTOR><LIBRARY_NAME>HBCDC-HB-06/2020</LIBRARY_NAME><LIBRARY_STRATEGY>RNA-Seq</LIBRARY_STRATEGY><LIBRARY_SOURCE>TRANSCRIPTOMIC</LIBRARY_SOURCE><LIBRARY_SELECTION>RANDOM PCR</LIBRARY_SELECTION><LIBRARY_LAYOUT><PAIRED/></LIBRARY_LAYOUT></LIBRARY_DESCRIPTOR></DESIGN><PLATFORM><ILLUMINA><INSTRUMENT_MODEL>Illumina MiniSeq</INSTRUMENT_MODEL></ILLUMINA></PLATFORM></EXPERIMENT><SUBMISSION lab_name="Institute of Health Inspection and Testing" center_name="Hubei Provincial Center for Disease Control and Prevention" accession="SRA1061047" alias="SUB7214658"><IDENTIFIERS><PRIMARY_ID>SRA1061047</PRIMARY_ID></IDENTIFIERS></SUBMISSION><Organization type="institute"><Name>Hubei Provincial Center for Disease Control and Prevention</Name><Address postal_code="430079"><Department>Institute of Health Inspection and Testing</Department><Institution>Hubei Provincial Center for Disease Control and Prevention</Institution><Street>No. 6 Zhuodaoquan north road</Street><City>Wuhan</City><Sub>Hubei province</Sub><Country>China</Country></Address><Contact email="hejun@ahnu.edu.cn" sec_email="756315469@qq.com"><Address postal_code="430079"><Department>Institute of Health Inspection and Testing</Department><Institution>Hubei Provincial Center for Disease Control and Prevention</Institution><Street>No. 6 Zhuodaoquan north road</Street><City>Wuhan</City><Sub>Hubei province</Sub><Country>China</Country></Address><Name><First>Bin</First><Last>Fang</Last></Name></Contact></Organization><STUDY center_name="BioProject" alias="PRJNA616446" accession="SRP254688"><IDENTIFIERS><PRIMARY_ID>SRP254688</PRIMARY_ID><EXTERNAL_ID namespace="BioProject" label="primary">PRJNA616446</EXTERNAL_ID></IDENTIFIERS><DESCRIPTOR><STUDY_TITLE>Homo sapiens Genome sequencing</STUDY_TITLE><STUDY_TYPE existing_study_type="Other"/><STUDY_ABSTRACT>Ten new sequenced genomes of SARS-CoV-2 were obtained by macrogenomic sequencing. The time origin, genetic diversity, transmission dynamics and evolutionary history of SARS-CoV-2 were analyzed based on the genomic data to provide understanding on the origin, transmission pathway, and evolutionary characteristics of SARS-CoV-2 outbreak.</STUDY_ABSTRACT><CENTER_PROJECT_NAME>hCov-19 infected Homo sapiens</CENTER_PROJECT_NAME></DESCRIPTOR></STUDY><SAMPLE alias="HBCDC-HB-06/2020" accession="SRS6404545"><IDENTIFIERS><PRIMARY_ID>SRS6404545</PRIMARY_ID><EXTERNAL_ID namespace="BioSample">SAMN14479135</EXTERNAL_ID></IDENTIFIERS><TITLE>BetaCoV/Wuhan/HBCDC-HB-06/2020</TITLE><SAMPLE_NAME><TAXON_ID>2697049</TAXON_ID><SCIENTIFIC_NAME>Severe acute respiratory syndrome coronavirus 2</SCIENTIFIC_NAME></SAMPLE_NAME><SAMPLE_ATTRIBUTES><SAMPLE_ATTRIBUTE><TAG>isolate</TAG><VALUE>human BetaCoV Wuhan HBCDC-HB-06/2020</VALUE></SAMPLE_ATTRIBUTE><SAMPLE_ATTRIBUTE><TAG>collected_by</TAG><VALUE>Wuhan Lung Hospital</VALUE></SAMPLE_ATTRIBUTE><SAMPLE_ATTRIBUTE><TAG>collection_date</TAG><VALUE>2020-02-07</VALUE></SAMPLE_ATTRIBUTE><SAMPLE_ATTRIBUTE><TAG>geo_loc_name</TAG><VALUE>China: Hubei</VALUE></SAMPLE_ATTRIBUTE><SAMPLE_ATTRIBUTE><TAG>host</TAG><VALUE>Homo sapiens</VALUE></SAMPLE_ATTRIBUTE><SAMPLE_ATTRIBUTE><TAG>host_disease</TAG><VALUE>COVID-19</VALUE></SAMPLE_ATTRIBUTE><SAMPLE_ATTRIBUTE><TAG>isolation_source</TAG><VALUE>Wuhan</VALUE></SAMPLE_ATTRIBUTE><SAMPLE_ATTRIBUTE><TAG>lat_lon</TAG><VALUE>not collected</VALUE></SAMPLE_ATTRIBUTE><SAMPLE_ATTRIBUTE><TAG>BioSampleModel</TAG><VALUE>Pathogen.cl</VALUE></SAMPLE_ATTRIBUTE></SAMPLE_ATTRIBUTES></SAMPLE><Pool><Member member_name="" accession="SRS6404545" sample_name="HBCDC-HB-06/2020" sample_title="BetaCoV/Wuhan/HBCDC-HB-06/2020" spots="4407436" bases="1157794996" tax_id="2697049" organism="Severe acute respiratory syndrome coronavirus 2"><IDENTIFIERS><PRIMARY_ID>SRS6404545</PRIMARY_ID><EXTERNAL_ID namespace="BioSample">SAMN14479135</EXTERNAL_ID></IDENTIFIERS></Member></Pool><RUN_SET><RUN accession="SRR11454607" alias="BetaCoV_Wuhan_HBCDC-HB-06_2020_R1_001.fastq.gz" total_spots="4407436" total_bases="1157794996" size="413461584" load_done="true" published="2020-04-02 00:08:41" is_public="true" cluster_name="public" static_data_available="1"><IDENTIFIERS><PRIMARY_ID>SRR11454607</PRIMARY_ID></IDENTIFIERS><EXPERIMENT_REF accession="SRX8032210"><IDENTIFIERS/></EXPERIMENT_REF><Pool><Member member_name="" accession="SRS6404545" sample_name="HBCDC-HB-06/2020" sample_title="BetaCoV/Wuhan/HBCDC-HB-06/2020" spots="4407436" bases="1157794996" tax_id="2697049" organism="Severe acute respiratory syndrome coronavirus 2"><IDENTIFIERS><PRIMARY_ID>SRS6404545</PRIMARY_ID><EXTERNAL_ID namespace="BioSample">SAMN14479135</EXTERNAL_ID></IDENTIFIERS></Member></Pool><SRAFiles><SRAFile cluster="public" size="353615661" date="2020-04-01 00:43:20" md5="55ba8969699860c9795fa52b2617bef2" semantic_name="fastq" supertype="Original" sratoolkit="0"><Alternatives url="s3://sra-pub-src-5/SRR11454607/BetaCoV_Wuhan_HBCDC-HB-06_2020_R1_001.fastq.gz.1" free_egress="s3.us-east-1" access_type="aws identity" org="AWS"/><Alternatives url="gs://sra-pub-src-5/SRR11454607/BetaCoV_Wuhan_HBCDC-HB-06_2020_R1_001.fastq.gz.1" free_egress="gs.US" access_type="gcp identity" org="GCP"/></SRAFile><SRAFile cluster="public" size="358584016" date="2020-04-01 00:42:29" md5="de34261cd28118201e7d19c78bcac314" semantic_name="fastq" supertype="Original" sratoolkit="0"><Alternatives url="s3://sra-pub-src-5/SRR11454607/BetaCoV_Wuhan_HBCDC-HB-06_2020_R2_001.fastq.gz.1" free_egress="s3.us-east-1" access_type="aws identity" org="AWS"/><Alternatives url="gs://sra-pub-src-5/SRR11454607/BetaCoV_Wuhan_HBCDC-HB-06_2020_R2_001.fastq.gz.1" free_egress="gs.US" access_type="gcp identity" org="GCP"/></SRAFile><SRAFile cluster="public" filename="SRR11454607" url="https://sra-download.ncbi.nlm.nih.gov/traces/sra61/SRR/011186/SRR11454607" size="413463406" date="2020-04-01 00:44:08" md5="6a1c3cf2081fb8d7f766007695f262cd" semantic_name="run" supertype="Primary ETL" sratoolkit="1"><Alternatives url="https://sra-download.ncbi.nlm.nih.gov/traces/sra61/SRR/011186/SRR11454607" free_egress="worldwide" access_type="anonymous" org="NCBI"/><Alternatives url="s3://sra-pub-run-8/SRR11454607/SRR11454607.1" free_egress="s3.us-east-1" access_type="aws identity" org="AWS"/><Alternatives url="gs://sra-pub-run-9/SRR11454607/SRR11454607.1" free_egress="gs.US" access_type="gcp identity" org="GCP"/></SRAFile></SRAFiles><CloudFiles><CloudFile filetype="fastq" provider="gs" location="gs.US"/><CloudFile filetype="fastq" provider="s3" location="s3.us-east-1"/><CloudFile filetype="run" provider="gs" location="gs.US"/><CloudFile filetype="run" provider="s3" location="s3.us-east-1"/></CloudFiles><Statistics nreads="2" nspots="4407436"><Read index="0" count="4407436" average="131.36" stdev="30.00"/><Read index="1" count="4407436" average="131.33" stdev="30.01"/></Statistics><Databases><Database><Table name="SEQUENCE"><Statistics source="meta"><Rows count="4407436"/><Elements count="1157794996"/></Statistics></Table></Database></Databases><Bases cs_native="false" count="1157794996"><Base value="A" count="313140437"/><Base value="C" count="262043150"/><Base value="G" count="271983561"/><Base value="T" count="310254934"/><Base value="N" count="372914"/></Bases></RUN></RUN_SET></EXPERIMENT_PACKAGE>
</EXPERIMENT_PACKAGE_SET>
