<?xml version="1.0"  ?>
<EXPERIMENT_PACKAGE_SET>
<EXPERIMENT_PACKAGE><EXPERIMENT accession="SRX7884335" alias="WA13-UW9"><IDENTIFIERS><PRIMARY_ID>SRX7884335</PRIMARY_ID></IDENTIFIERS><TITLE>RNA-Seq of Severe acute respiratory syndrome coronavirus 2</TITLE><STUDY_REF accession="SRP251618"><IDENTIFIERS><PRIMARY_ID>SRP251618</PRIMARY_ID><EXTERNAL_ID namespace="BioProject">PRJNA610428</EXTERNAL_ID></IDENTIFIERS></STUDY_REF><DESIGN><DESIGN_DESCRIPTION>random hexamer first and second strand synthesis followed by Nextera XT</DESIGN_DESCRIPTION><SAMPLE_DESCRIPTOR accession="SRS6294173"><IDENTIFIERS><PRIMARY_ID>SRS6294173</PRIMARY_ID></IDENTIFIERS></SAMPLE_DESCRIPTOR><LIBRARY_DESCRIPTOR><LIBRARY_NAME>WA13-UW9</LIBRARY_NAME><LIBRARY_STRATEGY>RNA-Seq</LIBRARY_STRATEGY><LIBRARY_SOURCE>VIRAL RNA</LIBRARY_SOURCE><LIBRARY_SELECTION>unspecified</LIBRARY_SELECTION><LIBRARY_LAYOUT><SINGLE/></LIBRARY_LAYOUT></LIBRARY_DESCRIPTOR></DESIGN><PLATFORM><ILLUMINA><INSTRUMENT_MODEL>NextSeq 500</INSTRUMENT_MODEL></ILLUMINA></PLATFORM></EXPERIMENT><SUBMISSION lab_name="Laboratory Medicine" center_name="University of Washington" accession="SRA1053095" alias="SUB7129969"><IDENTIFIERS><PRIMARY_ID>SRA1053095</PRIMARY_ID></IDENTIFIERS></SUBMISSION><Organization type="institute"><Name>University of Washington</Name><Address postal_code="98109"><Department>Laboratory Medicine</Department><Institution>University of Washington</Institution><Street>1100 Fairview Avenue North, E5-110</Street><City>Seattle</City><Sub>WA</Sub><Country>USA</Country></Address><Contact email="proychou@uw.edu"><Address postal_code="98109"><Department>Laboratory Medicine</Department><Institution>University of Washington</Institution><Street>1100 Fairview Avenue North, E5-110</Street><City>Seattle</City><Sub>WA</Sub><Country>USA</Country></Address><Name><First>Pavitra</First><Last>Roychoudhury</Last></Name></Contact></Organization><STUDY center_name="BioProject" alias="PRJNA610428" accession="SRP251618"><IDENTIFIERS><PRIMARY_ID>SRP251618</PRIMARY_ID><EXTERNAL_ID namespace="BioProject" label="primary">PRJNA610428</EXTERNAL_ID></IDENTIFIERS><DESCRIPTOR><STUDY_TITLE>Washington SARS-CoV-2 isolate sequences</STUDY_TITLE><STUDY_TYPE existing_study_type="Other"/><STUDY_ABSTRACT>Isolate raw read files from the Washington SARS-CoV-2 outbreak</STUDY_ABSTRACT></DESCRIPTOR></STUDY><SAMPLE alias="WA13-UW9" accession="SRS6294173"><IDENTIFIERS><PRIMARY_ID>SRS6294173</PRIMARY_ID><EXTERNAL_ID namespace="BioSample">SAMN14341563</EXTERNAL_ID></IDENTIFIERS><SAMPLE_NAME><TAXON_ID>2697049</TAXON_ID><SCIENTIFIC_NAME>Severe acute respiratory syndrome coronavirus 2</SCIENTIFIC_NAME></SAMPLE_NAME><SAMPLE_LINKS><SAMPLE_LINK><XREF_LINK><DB>bioproject</DB><ID>610428</ID><LABEL>PRJNA610428</LABEL></XREF_LINK></SAMPLE_LINK></SAMPLE_LINKS><SAMPLE_ATTRIBUTES><SAMPLE_ATTRIBUTE><TAG>strain</TAG><VALUE>hCoV/USA/WA13-UW9/2020</VALUE></SAMPLE_ATTRIBUTE><SAMPLE_ATTRIBUTE><TAG>isolate</TAG><VALUE>WA13-UW9</VALUE></SAMPLE_ATTRIBUTE><SAMPLE_ATTRIBUTE><TAG>collected_by</TAG><VALUE>University of Washington Virology laboratory</VALUE></SAMPLE_ATTRIBUTE><SAMPLE_ATTRIBUTE><TAG>collection_date</TAG><VALUE>2020</VALUE></SAMPLE_ATTRIBUTE><SAMPLE_ATTRIBUTE><TAG>geo_loc_name</TAG><VALUE>USA:WA</VALUE></SAMPLE_ATTRIBUTE><SAMPLE_ATTRIBUTE><TAG>host</TAG><VALUE>Homo sapiens</VALUE></SAMPLE_ATTRIBUTE><SAMPLE_ATTRIBUTE><TAG>host_disease</TAG><VALUE>COVID-19</VALUE></SAMPLE_ATTRIBUTE><SAMPLE_ATTRIBUTE><TAG>isolation_source</TAG><VALUE>missing</VALUE></SAMPLE_ATTRIBUTE><SAMPLE_ATTRIBUTE><TAG>lat_lon</TAG><VALUE>missing</VALUE></SAMPLE_ATTRIBUTE><SAMPLE_ATTRIBUTE><TAG>BioSampleModel</TAG><VALUE>Pathogen.cl</VALUE></SAMPLE_ATTRIBUTE></SAMPLE_ATTRIBUTES></SAMPLE><Pool><Member member_name="" accession="SRS6294173" sample_name="WA13-UW9" spots="24424" bases="1830456" tax_id="2697049" organism="Severe acute respiratory syndrome coronavirus 2"><IDENTIFIERS><PRIMARY_ID>SRS6294173</PRIMARY_ID><EXTERNAL_ID namespace="BioSample">SAMN14341563</EXTERNAL_ID></IDENTIFIERS></Member></Pool><RUN_SET><RUN accession="SRR11278090" alias="WA13-UW9Unpaired.fastq.gz" total_spots="24424" total_bases="1830456" size="409227" load_done="true" published="2020-03-09 18:23:31" is_public="true" cluster_name="public" static_data_available="1"><IDENTIFIERS><PRIMARY_ID>SRR11278090</PRIMARY_ID></IDENTIFIERS><EXPERIMENT_REF accession="SRX7884335"><IDENTIFIERS/></EXPERIMENT_REF><Pool><Member member_name="" accession="SRS6294173" sample_name="WA13-UW9" spots="24424" bases="1830456" tax_id="2697049" organism="Severe acute respiratory syndrome coronavirus 2"><IDENTIFIERS><PRIMARY_ID>SRS6294173</PRIMARY_ID><EXTERNAL_ID namespace="BioSample">SAMN14341563</EXTERNAL_ID></IDENTIFIERS></Member></Pool><SRAFiles><SRAFile cluster="public" filename="WA13-UW9Unpaired.fastq.gz" url="https://sra-download.ncbi.nlm.nih.gov/traces/sra58/SRZ/011278/SRR11278090/WA13-UW9Unpaired.fastq.gz" size="540804" date="2020-03-09 18:21:39" md5="7a34c77a268a70c1ae756e8e8caba55d" semantic_name="fastq" supertype="Original" sratoolkit="0"><Alternatives url="https://sra-download.ncbi.nlm.nih.gov/traces/sra58/SRZ/011278/SRR11278090/WA13-UW9Unpaired.fastq.gz" free_egress="worldwide" access_type="anonymous" org="NCBI"/><Alternatives url="s3://sra-pub-src-5/SRR11278090/WA13-UW9Unpaired.fastq.gz.1" free_egress="s3.us-east-1" access_type="aws identity" org="AWS"/></SRAFile><SRAFile cluster="public" filename="SRR11278090" url="https://sra-download.ncbi.nlm.nih.gov/traces/sra29/SRR/011013/SRR11278090" size="411052" date="2020-03-09 18:21:47" md5="d0483ab05564eaa8f69ec7264e65af73" semantic_name="run" supertype="Primary ETL" sratoolkit="1"><Alternatives url="https://sra-download.ncbi.nlm.nih.gov/traces/sra29/SRR/011013/SRR11278090" free_egress="worldwide" access_type="anonymous" org="NCBI"/><Alternatives url="s3://sra-pub-run-2/SRR11278090/SRR11278090.1" free_egress="s3.us-east-1" access_type="aws identity" org="AWS"/><Alternatives url="gs://sra-pub-run-4/SRR11278090/SRR11278090.1" free_egress="gs.US" access_type="gcp identity" org="GCP"/></SRAFile></SRAFiles><CloudFiles><CloudFile filetype="fastq" provider="s3" location="s3.us-east-1"/><CloudFile filetype="run" provider="gs" location="gs.US"/><CloudFile filetype="run" provider="s3" location="s3.us-east-1"/></CloudFiles><Statistics nreads="2" nspots="24424"><Read index="0" count="24424" average="74.94" stdev="1.46"/><Read index="1" count="0" average="0" stdev="0"/></Statistics><Databases><Database><Table name="SEQUENCE"><Statistics source="meta"><Rows count="24424"/><Elements count="1830456"/></Statistics></Table></Database></Databases><Bases cs_native="false" count="1830456"><Base value="A" count="551361"/><Base value="C" count="341821"/><Base value="G" count="357269"/><Base value="T" count="579992"/><Base value="N" count="13"/></Bases></RUN></RUN_SET></EXPERIMENT_PACKAGE>
</EXPERIMENT_PACKAGE_SET>
