<?xml version="1.0"  ?>
<EXPERIMENT_PACKAGE_SET>
<EXPERIMENT_PACKAGE><EXPERIMENT accession="SRX8070387" alias="VIC174_illumina"><IDENTIFIERS><PRIMARY_ID>SRX8070387</PRIMARY_ID></IDENTIFIERS><TITLE>Severe acute respiratory syndrome coronavirus 2</TITLE><STUDY_REF accession="SRP253798"><IDENTIFIERS><PRIMARY_ID>SRP253798</PRIMARY_ID><EXTERNAL_ID namespace="BioProject">PRJNA613958</EXTERNAL_ID></IDENTIFIERS></STUDY_REF><DESIGN><DESIGN_DESCRIPTION>ARTIC V1 amplicons, Nextera XT library, minimap2 v2.17, ivar v1.1, samtools v1.10.  Using minimap2, short reads mapped to SARS-CoV-2 NCBI accession MN908947.3. Using samtools, proper_pairs (samflag 2) mapping to MN908947.3 retained, unmapped reads (samflag 4) discarded (to filter out non-SARS-CoV-2 cDNA). Filtered reads submitted to NCBI</DESIGN_DESCRIPTION><SAMPLE_DESCRIPTOR accession="SRS6438971"><IDENTIFIERS><PRIMARY_ID>SRS6438971</PRIMARY_ID><EXTERNAL_ID namespace="BioSample">SAMN14546678</EXTERNAL_ID></IDENTIFIERS></SAMPLE_DESCRIPTOR><LIBRARY_DESCRIPTOR><LIBRARY_NAME>VIC174_illumina</LIBRARY_NAME><LIBRARY_STRATEGY>AMPLICON</LIBRARY_STRATEGY><LIBRARY_SOURCE>VIRAL RNA</LIBRARY_SOURCE><LIBRARY_SELECTION>PCR</LIBRARY_SELECTION><LIBRARY_LAYOUT><PAIRED/></LIBRARY_LAYOUT></LIBRARY_DESCRIPTOR></DESIGN><PLATFORM><ILLUMINA><INSTRUMENT_MODEL>NextSeq 550</INSTRUMENT_MODEL></ILLUMINA></PLATFORM></EXPERIMENT><SUBMISSION lab_name="Microbiology and Immunology" center_name="The Peter Doherty Institute for Infection and Immunity" accession="SRA1063284" alias="SUB7250503"><IDENTIFIERS><PRIMARY_ID>SRA1063284</PRIMARY_ID></IDENTIFIERS></SUBMISSION><Organization type="institute" url="https://www.doherty.edu.au/"><Name>The Peter Doherty Institute for Infection and Immunity</Name><Address postal_code="3000"><Department>MDU-PHL</Department><Institution>The Peter Doherty Institute for Infection and Immunity</Institution><Street>792 Elizabeth Street</Street><City>Melbourne</City><Sub>Vic</Sub><Country>Australia</Country></Address><Contact email="mark.schultz@unimelb.edu.au" sec_email="dr.mark.schultz@gmail.com"><Address postal_code="3000"><Department>MDU-PHL</Department><Institution>The Peter Doherty Institute for Infection and Immunity</Institution><Street>792 Elizabeth Street</Street><City>Melbourne</City><Sub>Vic</Sub><Country>Australia</Country></Address><Name><First>Mark</First><Last>Schultz</Last><Middle>Barry</Middle></Name></Contact></Organization><STUDY center_name="BioProject" alias="PRJNA613958" accession="SRP253798"><IDENTIFIERS><PRIMARY_ID>SRP253798</PRIMARY_ID><EXTERNAL_ID namespace="BioProject" label="primary">PRJNA613958</EXTERNAL_ID></IDENTIFIERS><DESCRIPTOR><STUDY_TITLE>Severe acute respiratory syndrome coronavirus 2 Raw sequence reads</STUDY_TITLE><STUDY_TYPE existing_study_type="Other"/><STUDY_ABSTRACT>Genomic sequence data of clinical SARS-CoV-2 samples from Victoria, Australia, 2020 onwards.</STUDY_ABSTRACT><CENTER_PROJECT_NAME>Severe acute respiratory syndrome coronavirus 2</CENTER_PROJECT_NAME></DESCRIPTOR></STUDY><SAMPLE alias="hCoV-19/Australia/VIC174/2020" accession="SRS6438971"><IDENTIFIERS><PRIMARY_ID>SRS6438971</PRIMARY_ID><EXTERNAL_ID namespace="BioSample">SAMN14546678</EXTERNAL_ID></IDENTIFIERS><TITLE>SARS-Cov-2 VIC174 (GISAID EPI_ISL_419871)</TITLE><SAMPLE_NAME><TAXON_ID>2697049</TAXON_ID><SCIENTIFIC_NAME>Severe acute respiratory syndrome coronavirus 2</SCIENTIFIC_NAME></SAMPLE_NAME><DESCRIPTION>EPI_ISL_419871</DESCRIPTION><SAMPLE_LINKS><SAMPLE_LINK><XREF_LINK><DB>bioproject</DB><ID>613958</ID><LABEL>PRJNA613958</LABEL></XREF_LINK></SAMPLE_LINK></SAMPLE_LINKS><SAMPLE_ATTRIBUTES><SAMPLE_ATTRIBUTE><TAG>isolate</TAG><VALUE>VIC174</VALUE></SAMPLE_ATTRIBUTE><SAMPLE_ATTRIBUTE><TAG>collected_by</TAG><VALUE>Victorian Infectious Diseases Reference Laboratory (VIDRL)</VALUE></SAMPLE_ATTRIBUTE><SAMPLE_ATTRIBUTE><TAG>collection_date</TAG><VALUE>2020-03-18</VALUE></SAMPLE_ATTRIBUTE><SAMPLE_ATTRIBUTE><TAG>geo_loc_name</TAG><VALUE>Australia: Victoria</VALUE></SAMPLE_ATTRIBUTE><SAMPLE_ATTRIBUTE><TAG>host</TAG><VALUE>Homo sapiens</VALUE></SAMPLE_ATTRIBUTE><SAMPLE_ATTRIBUTE><TAG>host_disease</TAG><VALUE>COVID-19</VALUE></SAMPLE_ATTRIBUTE><SAMPLE_ATTRIBUTE><TAG>isolation_source</TAG><VALUE>missing</VALUE></SAMPLE_ATTRIBUTE><SAMPLE_ATTRIBUTE><TAG>lat_lon</TAG><VALUE>missing</VALUE></SAMPLE_ATTRIBUTE><SAMPLE_ATTRIBUTE><TAG>host_age</TAG><VALUE>69</VALUE></SAMPLE_ATTRIBUTE><SAMPLE_ATTRIBUTE><TAG>host_sex</TAG><VALUE>male</VALUE></SAMPLE_ATTRIBUTE><SAMPLE_ATTRIBUTE><TAG>passage_history</TAG><VALUE>Original</VALUE></SAMPLE_ATTRIBUTE><SAMPLE_ATTRIBUTE><TAG>BioSampleModel</TAG><VALUE>Pathogen.cl</VALUE></SAMPLE_ATTRIBUTE></SAMPLE_ATTRIBUTES></SAMPLE><Pool><Member member_name="" accession="SRS6438971" sample_name="hCoV-19/Australia/VIC174/2020" sample_title="SARS-Cov-2 VIC174 (GISAID EPI_ISL_419871)" spots="469430" bases="137286236" tax_id="2697049" organism="Severe acute respiratory syndrome coronavirus 2"><IDENTIFIERS><PRIMARY_ID>SRS6438971</PRIMARY_ID><EXTERNAL_ID namespace="BioSample">SAMN14546678</EXTERNAL_ID></IDENTIFIERS></Member></Pool><RUN_SET><RUN accession="SRR11494496" alias="VIC174_R1.fq.gz" total_spots="469430" total_bases="137286236" size="60776437" load_done="true" published="2020-04-08 02:59:59" is_public="true" cluster_name="public" static_data_available="1"><IDENTIFIERS><PRIMARY_ID>SRR11494496</PRIMARY_ID></IDENTIFIERS><EXPERIMENT_REF accession="SRX8070387"><IDENTIFIERS/></EXPERIMENT_REF><RUN_ATTRIBUTES><RUN_ATTRIBUTE><TAG>loader</TAG><VALUE>fastq-load.py</VALUE></RUN_ATTRIBUTE></RUN_ATTRIBUTES><Pool><Member member_name="" accession="SRS6438971" sample_name="hCoV-19/Australia/VIC174/2020" sample_title="SARS-Cov-2 VIC174 (GISAID EPI_ISL_419871)" spots="469430" bases="137286236" tax_id="2697049" organism="Severe acute respiratory syndrome coronavirus 2"><IDENTIFIERS><PRIMARY_ID>SRS6438971</PRIMARY_ID><EXTERNAL_ID namespace="BioSample">SAMN14546678</EXTERNAL_ID></IDENTIFIERS></Member></Pool><SRAFiles><SRAFile cluster="public" size="159373689" date="2020-04-12 19:25:51" md5="d8b78966f8903b0e0badd2300adc562f" semantic_name="fastq" supertype="Original" sratoolkit="0"><Alternatives url="s3://sra-pub-src-8/SRR11494496/VIC174_R1.fq.1" free_egress="s3.us-east-1" access_type="aws identity" org="AWS"/><Alternatives url="gs://sra-pub-src-8/SRR11494496/VIC174_R1.fq.1" free_egress="gs.US" access_type="gcp identity" org="GCP"/></SRAFile><SRAFile cluster="public" size="159506625" date="2020-04-12 19:25:52" md5="887d3054b2ca2706879c3c27a58ea554" semantic_name="fastq" supertype="Original" sratoolkit="0"><Alternatives url="s3://sra-pub-src-8/SRR11494496/VIC174_R2.fq.1" free_egress="s3.us-east-1" access_type="aws identity" org="AWS"/><Alternatives url="gs://sra-pub-src-8/SRR11494496/VIC174_R2.fq.1" free_egress="gs.US" access_type="gcp identity" org="GCP"/></SRAFile><SRAFile cluster="public" filename="SRR11494496" url="https://sra-download.ncbi.nlm.nih.gov/traces/sra73/SRR/011225/SRR11494496" size="60778358" date="2020-04-12 19:26:02" md5="c90e66c78570d84826df4f67d61e2b38" semantic_name="run" supertype="Primary ETL" sratoolkit="1"><Alternatives url="https://sra-download.ncbi.nlm.nih.gov/traces/sra73/SRR/011225/SRR11494496" free_egress="worldwide" access_type="anonymous" org="NCBI"/><Alternatives url="s3://sra-pub-run-4/SRR11494496/SRR11494496.2" free_egress="s3.us-east-1" access_type="aws identity" org="AWS"/><Alternatives url="gs://sra-pub-run-2/SRR11494496/SRR11494496.2" free_egress="gs.US" access_type="gcp identity" org="GCP"/></SRAFile></SRAFiles><CloudFiles><CloudFile filetype="fastq" provider="gs" location="gs.US"/><CloudFile filetype="fastq" provider="s3" location="s3.us-east-1"/><CloudFile filetype="run" provider="gs" location="gs.US"/><CloudFile filetype="run" provider="s3" location="s3.us-east-1"/></CloudFiles><Statistics nreads="2" nspots="469430"><Read index="0" count="469430" average="146.16" stdev="15.79"/><Read index="1" count="469430" average="146.30" stdev="15.77"/></Statistics><Databases><Database><Table name="SEQUENCE"><Statistics source="meta"><Rows count="469430"/><Elements count="137286236"/></Statistics></Table></Database></Databases><Bases cs_native="false" count="137286236"><Base value="A" count="42257779"/><Base value="C" count="26183465"/><Base value="G" count="26319749"/><Base value="T" count="42489302"/><Base value="N" count="35941"/></Bases></RUN></RUN_SET></EXPERIMENT_PACKAGE>
</EXPERIMENT_PACKAGE_SET>
