<?xml version="1.0"  ?>
<EXPERIMENT_PACKAGE_SET>
<EXPERIMENT_PACKAGE><EXPERIMENT accession="SRX8067729" alias="UT-00352"><IDENTIFIERS><PRIMARY_ID>SRX8067729</PRIMARY_ID></IDENTIFIERS><TITLE>PCR Tiled Amplification of SARS-CoV-2</TITLE><STUDY_REF accession="SRP253926"><IDENTIFIERS><PRIMARY_ID>SRP253926</PRIMARY_ID><EXTERNAL_ID namespace="BioProject">PRJNA614995</EXTERNAL_ID></IDENTIFIERS></STUDY_REF><DESIGN><DESIGN_DESCRIPTION>Artic protocol V3 transitioned to Illumina library prep</DESIGN_DESCRIPTION><SAMPLE_DESCRIPTOR accession="SRS6436381"><IDENTIFIERS><PRIMARY_ID>SRS6436381</PRIMARY_ID></IDENTIFIERS></SAMPLE_DESCRIPTOR><LIBRARY_DESCRIPTOR><LIBRARY_NAME>UT-00352</LIBRARY_NAME><LIBRARY_STRATEGY>AMPLICON</LIBRARY_STRATEGY><LIBRARY_SOURCE>VIRAL RNA</LIBRARY_SOURCE><LIBRARY_SELECTION>PCR</LIBRARY_SELECTION><LIBRARY_LAYOUT><PAIRED/></LIBRARY_LAYOUT></LIBRARY_DESCRIPTOR></DESIGN><PLATFORM><ILLUMINA><INSTRUMENT_MODEL>Illumina MiSeq</INSTRUMENT_MODEL></ILLUMINA></PLATFORM></EXPERIMENT><SUBMISSION lab_name="Department of Health" center_name="Utah Public Health Laboratory" accession="SRA1063178" alias="SUB7249474"><IDENTIFIERS><PRIMARY_ID>SRA1063178</PRIMARY_ID></IDENTIFIERS></SUBMISSION><Organization type="institute"><Name>Utah Public Health Laboratory</Name><Address postal_code="84129"><Department>Department of Health</Department><Institution>Utah Public Health Laboratory</Institution><Street>4431 2700 W</Street><City>Salt Lake City</City><Sub>UT</Sub><Country>USA</Country></Address><Contact email="eriny@utah.gov"><Address postal_code="84129"><Department>Department of Health</Department><Institution>Utah Public Health Laboratory</Institution><Street>4431 2700 W</Street><City>Salt Lake City</City><Sub>UT</Sub><Country>USA</Country></Address><Name><First>Erin</First><Last>Young</Last></Name></Contact></Organization><STUDY center_name="BioProject" alias="PRJNA614995" accession="SRP253926"><IDENTIFIERS><PRIMARY_ID>SRP253926</PRIMARY_ID><EXTERNAL_ID namespace="BioProject" label="primary">PRJNA614995</EXTERNAL_ID></IDENTIFIERS><DESCRIPTOR><STUDY_TITLE>SARS-CoV-2 WGS</STUDY_TITLE><STUDY_TYPE existing_study_type="Other"/><STUDY_ABSTRACT>NGS of PCR-tiled COVID-19 Virus from clinical samples</STUDY_ABSTRACT></DESCRIPTOR><STUDY_ATTRIBUTES><STUDY_ATTRIBUTE><TAG>parent_bioproject</TAG><VALUE>PRJNA615625</VALUE></STUDY_ATTRIBUTE></STUDY_ATTRIBUTES></STUDY><SAMPLE alias="UT-00352" accession="SRS6436381"><IDENTIFIERS><PRIMARY_ID>SRS6436381</PRIMARY_ID><EXTERNAL_ID namespace="BioSample">SAMN14546154</EXTERNAL_ID></IDENTIFIERS><SAMPLE_NAME><TAXON_ID>2697049</TAXON_ID><SCIENTIFIC_NAME>Severe acute respiratory syndrome coronavirus 2</SCIENTIFIC_NAME></SAMPLE_NAME><SAMPLE_LINKS><SAMPLE_LINK><XREF_LINK><DB>bioproject</DB><ID>614995</ID><LABEL>PRJNA614995</LABEL></XREF_LINK></SAMPLE_LINK></SAMPLE_LINKS><SAMPLE_ATTRIBUTES><SAMPLE_ATTRIBUTE><TAG>strain</TAG><VALUE>/North America/USA/UT-00352</VALUE></SAMPLE_ATTRIBUTE><SAMPLE_ATTRIBUTE><TAG>isolate</TAG><VALUE>Clinical</VALUE></SAMPLE_ATTRIBUTE><SAMPLE_ATTRIBUTE><TAG>collected_by</TAG><VALUE>Utah Public Health Laboratory</VALUE></SAMPLE_ATTRIBUTE><SAMPLE_ATTRIBUTE><TAG>collection_date</TAG><VALUE>2020-03-27</VALUE></SAMPLE_ATTRIBUTE><SAMPLE_ATTRIBUTE><TAG>geo_loc_name</TAG><VALUE>USA</VALUE></SAMPLE_ATTRIBUTE><SAMPLE_ATTRIBUTE><TAG>host</TAG><VALUE>Homo sapiens</VALUE></SAMPLE_ATTRIBUTE><SAMPLE_ATTRIBUTE><TAG>host_disease</TAG><VALUE>severe acute respiratory syndrome</VALUE></SAMPLE_ATTRIBUTE><SAMPLE_ATTRIBUTE><TAG>isolation_source</TAG><VALUE>human</VALUE></SAMPLE_ATTRIBUTE><SAMPLE_ATTRIBUTE><TAG>lat_lon</TAG><VALUE>40.6741 N 111.9580 W</VALUE></SAMPLE_ATTRIBUTE><SAMPLE_ATTRIBUTE><TAG>BioSampleModel</TAG><VALUE>Pathogen.cl</VALUE></SAMPLE_ATTRIBUTE></SAMPLE_ATTRIBUTES></SAMPLE><Pool><Member member_name="" accession="SRS6436381" sample_name="UT-00352" spots="494993" bases="139461866" tax_id="2697049" organism="Severe acute respiratory syndrome coronavirus 2"><IDENTIFIERS><PRIMARY_ID>SRS6436381</PRIMARY_ID><EXTERNAL_ID namespace="BioSample">SAMN14546154</EXTERNAL_ID></IDENTIFIERS></Member></Pool><RUN_SET><RUN accession="SRR11491752" alias="UT-00352.filtered.R1.fastq.gz" total_spots="494993" total_bases="139461866" size="85657942" load_done="true" published="2020-04-07 11:39:15" is_public="true" cluster_name="public" static_data_available="1" filtered_data_available="true"><IDENTIFIERS><PRIMARY_ID>SRR11491752</PRIMARY_ID></IDENTIFIERS><EXPERIMENT_REF accession="SRX8067729"><IDENTIFIERS/></EXPERIMENT_REF><RUN_ATTRIBUTES><RUN_ATTRIBUTE><TAG>loader</TAG><VALUE>fastq-load.py</VALUE><UNITS/></RUN_ATTRIBUTE></RUN_ATTRIBUTES><Pool><Member member_name="" accession="SRS6436381" sample_name="UT-00352" spots="494993" bases="139461866" tax_id="2697049" organism="Severe acute respiratory syndrome coronavirus 2"><IDENTIFIERS><PRIMARY_ID>SRS6436381</PRIMARY_ID><EXTERNAL_ID namespace="BioSample">SAMN14546154</EXTERNAL_ID></IDENTIFIERS></Member></Pool><SRAFiles><SRAFile cluster="public" filename="SRR11491752" url="https://sra-download.ncbi.nlm.nih.gov/traces/sra25/SRR/011222/SRR11491752" size="85660724" date="2020-04-27 23:07:34" md5="535ad2070d31faca2ec12a2820b6b81d" semantic_name="run" supertype="Primary ETL" sratoolkit="1"><Alternatives url="https://sra-download.ncbi.nlm.nih.gov/traces/sra25/SRR/011222/SRR11491752" free_egress="worldwide" access_type="anonymous" org="NCBI"/><Alternatives url="s3://sra-pub-run-9/SRR11491752/SRR11491752.3" free_egress="s3.us-east-1" access_type="aws identity" org="AWS"/><Alternatives url="gs://sra-pub-run-8/SRR11491752/SRR11491752.3" free_egress="gs.US" access_type="gcp identity" org="GCP"/></SRAFile></SRAFiles><CloudFiles><CloudFile filetype="run" provider="gs" location="gs.US"/><CloudFile filetype="run" provider="s3" location="s3.us-east-1"/></CloudFiles><Statistics nreads="variable"/><Databases><Database><Table name="SEQUENCE"><Statistics source="meta"><Rows count="494993"/><Elements count="139461866"/></Statistics></Table></Database></Databases><Bases cs_native="false" count="139461866"><Base value="A" count="42672498"/><Base value="C" count="27094664"/><Base value="G" count="26524187"/><Base value="T" count="43156055"/><Base value="N" count="14462"/></Bases></RUN></RUN_SET></EXPERIMENT_PACKAGE>
</EXPERIMENT_PACKAGE_SET>
