<?xml version="1.0"  ?>
<EXPERIMENT_PACKAGE_SET>
<EXPERIMENT_PACKAGE><EXPERIMENT accession="SRX7884409" alias="WA16-UW12"><IDENTIFIERS><PRIMARY_ID>SRX7884409</PRIMARY_ID></IDENTIFIERS><TITLE>RNA-Seq of Severe acute respiratory syndrome coronavirus 2</TITLE><STUDY_REF accession="SRP251618"><IDENTIFIERS><PRIMARY_ID>SRP251618</PRIMARY_ID><EXTERNAL_ID namespace="BioProject">PRJNA610428</EXTERNAL_ID></IDENTIFIERS></STUDY_REF><DESIGN><DESIGN_DESCRIPTION>random hexamer first and second strand synthesis followed by Nextera XT</DESIGN_DESCRIPTION><SAMPLE_DESCRIPTOR accession="SRS6294248"><IDENTIFIERS><PRIMARY_ID>SRS6294248</PRIMARY_ID></IDENTIFIERS></SAMPLE_DESCRIPTOR><LIBRARY_DESCRIPTOR><LIBRARY_NAME>WA16-UW12</LIBRARY_NAME><LIBRARY_STRATEGY>RNA-Seq</LIBRARY_STRATEGY><LIBRARY_SOURCE>VIRAL RNA</LIBRARY_SOURCE><LIBRARY_SELECTION>unspecified</LIBRARY_SELECTION><LIBRARY_LAYOUT><SINGLE/></LIBRARY_LAYOUT></LIBRARY_DESCRIPTOR></DESIGN><PLATFORM><ILLUMINA><INSTRUMENT_MODEL>NextSeq 500</INSTRUMENT_MODEL></ILLUMINA></PLATFORM></EXPERIMENT><SUBMISSION lab_name="Laboratory Medicine" center_name="University of Washington" accession="SRA1053129" alias="SUB7129976"><IDENTIFIERS><PRIMARY_ID>SRA1053129</PRIMARY_ID></IDENTIFIERS></SUBMISSION><Organization type="institute"><Name>University of Washington</Name><Address postal_code="98109"><Department>Laboratory Medicine</Department><Institution>University of Washington</Institution><Street>1100 Fairview Avenue North, E5-110</Street><City>Seattle</City><Sub>WA</Sub><Country>USA</Country></Address><Contact email="proychou@uw.edu"><Address postal_code="98109"><Department>Laboratory Medicine</Department><Institution>University of Washington</Institution><Street>1100 Fairview Avenue North, E5-110</Street><City>Seattle</City><Sub>WA</Sub><Country>USA</Country></Address><Name><First>Pavitra</First><Last>Roychoudhury</Last></Name></Contact></Organization><STUDY center_name="BioProject" alias="PRJNA610428" accession="SRP251618"><IDENTIFIERS><PRIMARY_ID>SRP251618</PRIMARY_ID><EXTERNAL_ID namespace="BioProject" label="primary">PRJNA610428</EXTERNAL_ID></IDENTIFIERS><DESCRIPTOR><STUDY_TITLE>Washington SARS-CoV-2 isolate sequences</STUDY_TITLE><STUDY_TYPE existing_study_type="Other"/><STUDY_ABSTRACT>Isolate raw read files from the Washington SARS-CoV-2 outbreak</STUDY_ABSTRACT></DESCRIPTOR></STUDY><SAMPLE alias="WA16-UW12" accession="SRS6294248"><IDENTIFIERS><PRIMARY_ID>SRS6294248</PRIMARY_ID><EXTERNAL_ID namespace="BioSample">SAMN14341638</EXTERNAL_ID></IDENTIFIERS><SAMPLE_NAME><TAXON_ID>2697049</TAXON_ID><SCIENTIFIC_NAME>Severe acute respiratory syndrome coronavirus 2</SCIENTIFIC_NAME></SAMPLE_NAME><SAMPLE_LINKS><SAMPLE_LINK><XREF_LINK><DB>bioproject</DB><ID>610428</ID><LABEL>PRJNA610428</LABEL></XREF_LINK></SAMPLE_LINK></SAMPLE_LINKS><SAMPLE_ATTRIBUTES><SAMPLE_ATTRIBUTE><TAG>strain</TAG><VALUE>hCoV/USA/WA16-UW12/2020</VALUE></SAMPLE_ATTRIBUTE><SAMPLE_ATTRIBUTE><TAG>isolate</TAG><VALUE>WA16-UW12</VALUE></SAMPLE_ATTRIBUTE><SAMPLE_ATTRIBUTE><TAG>collected_by</TAG><VALUE>University of Washington Virology laboratory</VALUE></SAMPLE_ATTRIBUTE><SAMPLE_ATTRIBUTE><TAG>collection_date</TAG><VALUE>2020</VALUE></SAMPLE_ATTRIBUTE><SAMPLE_ATTRIBUTE><TAG>geo_loc_name</TAG><VALUE>USA:WA</VALUE></SAMPLE_ATTRIBUTE><SAMPLE_ATTRIBUTE><TAG>host</TAG><VALUE>Homo sapiens</VALUE></SAMPLE_ATTRIBUTE><SAMPLE_ATTRIBUTE><TAG>host_disease</TAG><VALUE>COVID-19</VALUE></SAMPLE_ATTRIBUTE><SAMPLE_ATTRIBUTE><TAG>isolation_source</TAG><VALUE>missing</VALUE></SAMPLE_ATTRIBUTE><SAMPLE_ATTRIBUTE><TAG>lat_lon</TAG><VALUE>missing</VALUE></SAMPLE_ATTRIBUTE><SAMPLE_ATTRIBUTE><TAG>BioSampleModel</TAG><VALUE>Pathogen.cl</VALUE></SAMPLE_ATTRIBUTE></SAMPLE_ATTRIBUTES></SAMPLE><Pool><Member member_name="" accession="SRS6294248" sample_name="WA16-UW12" spots="8213820" bases="615986088" tax_id="2697049" organism="Severe acute respiratory syndrome coronavirus 2"><IDENTIFIERS><PRIMARY_ID>SRS6294248</PRIMARY_ID><EXTERNAL_ID namespace="BioSample">SAMN14341638</EXTERNAL_ID></IDENTIFIERS></Member></Pool><RUN_SET><RUN accession="SRR11278166" alias="WA16-UW12Unpaired.fastq.gz" total_spots="8213820" total_bases="615986088" size="78215367" load_done="true" published="2020-03-09 19:00:13" is_public="true" cluster_name="public" static_data_available="1"><IDENTIFIERS><PRIMARY_ID>SRR11278166</PRIMARY_ID></IDENTIFIERS><EXPERIMENT_REF accession="SRX7884409"><IDENTIFIERS/></EXPERIMENT_REF><Pool><Member member_name="" accession="SRS6294248" sample_name="WA16-UW12" spots="8213820" bases="615986088" tax_id="2697049" organism="Severe acute respiratory syndrome coronavirus 2"><IDENTIFIERS><PRIMARY_ID>SRS6294248</PRIMARY_ID><EXTERNAL_ID namespace="BioSample">SAMN14341638</EXTERNAL_ID></IDENTIFIERS></Member></Pool><SRAFiles><SRAFile cluster="public" size="149450225" date="2020-03-09 18:58:42" md5="3a457f86d12b7e123cf3eb228816e8de" semantic_name="fastq" supertype="Original" sratoolkit="0"><Alternatives url="s3://sra-pub-src-6/SRR11278166/WA16-UW12Unpaired.fastq.gz.1" free_egress="s3.us-east-1" access_type="aws identity" org="AWS"/><Alternatives url="gs://sra-pub-src-6/SRR11278166/WA16-UW12Unpaired.fastq.gz.1" free_egress="gs.US" access_type="gcp identity" org="GCP"/></SRAFile><SRAFile cluster="public" filename="SRR11278166" url="https://sra-download.ncbi.nlm.nih.gov/traces/sra49/SRR/011013/SRR11278166" size="78217186" date="2020-03-09 18:58:52" md5="f79ce8dbb0a0aadd9efa3647deba6b7b" semantic_name="run" supertype="Primary ETL" sratoolkit="1"><Alternatives url="https://sra-download.ncbi.nlm.nih.gov/traces/sra49/SRR/011013/SRR11278166" free_egress="worldwide" access_type="anonymous" org="NCBI"/><Alternatives url="s3://sra-pub-run-8/SRR11278166/SRR11278166.1" free_egress="s3.us-east-1" access_type="aws identity" org="AWS"/><Alternatives url="gs://sra-pub-run-9/SRR11278166/SRR11278166.1" free_egress="gs.US" access_type="gcp identity" org="GCP"/></SRAFile></SRAFiles><CloudFiles><CloudFile filetype="fastq" provider="gs" location="gs.US"/><CloudFile filetype="fastq" provider="s3" location="s3.us-east-1"/><CloudFile filetype="run" provider="gs" location="gs.US"/><CloudFile filetype="run" provider="s3" location="s3.us-east-1"/></CloudFiles><Statistics nreads="2" nspots="8213820"><Read index="0" count="8213820" average="74.99" stdev="0.52"/><Read index="1" count="0" average="0" stdev="0"/></Statistics><Databases><Database><Table name="SEQUENCE"><Statistics source="meta"><Rows count="8213820"/><Elements count="615986088"/></Statistics></Table></Database></Databases><Bases cs_native="false" count="615986088"><Base value="A" count="184291089"/><Base value="C" count="111721042"/><Base value="G" count="119255352"/><Base value="T" count="200711718"/><Base value="N" count="6887"/></Bases></RUN></RUN_SET></EXPERIMENT_PACKAGE>
</EXPERIMENT_PACKAGE_SET>
